OBJECTID,name,tile,nd_value,resolution,creationdate,fileurl,spec_type,qual,reg_src,num_gcps,meanresz,active,qc,release_version,num_components,Shape__Area,Shape__Length,x,y
5959,19_15_1_2_2m_v3.0,19_15,-9999,2,"July 23, 2018",http://data.pgc.umn.edu/elev/dem/setsm/ArcticDEM/mosaic/v3.0/2m/19_15/19_15_1_2_2m_v3.0.tar.gz,DEM,0.24748576,ICESat,966,-0.001,1,2,7,18,2500000000,200000,,
5958,19_15_2_1_2m_v3.0,19_15,-9999,2,"July 23, 2018",http://data.pgc.umn.edu/elev/dem/setsm/ArcticDEM/mosaic/v3.0/2m/19_15/19_15_2_1_2m_v3.0.tar.gz,DEM,0.01618723,ICESat,966,-0.001,1,2,7,18,2500000000,200000,,
5957,19_15_2_2_2m_v3.0,19_15,-9999,2,"July 23, 2018",http://data.pgc.umn.edu/elev/dem/setsm/ArcticDEM/mosaic/v3.0/2m/19_15/19_15_2_2_2m_v3.0.tar.gz,DEM,0.90678298,ICESat,966,-0.001,1,2,7,18,2500000000,200000,,
6721,19_16_1_2_2m_v3.0,19_16,-9999,2,"May 24, 2018",http://data.pgc.umn.edu/elev/dem/setsm/ArcticDEM/mosaic/v3.0/2m/19_16/19_16_1_2_2m_v3.0.tar.gz,DEM,0.43697452,ICESat,782,-0.001,1,2,7,12,2500000000,200000,,
6720,19_16_2_2_2m_v3.0,19_16,-9999,2,"May 24, 2018",http://data.pgc.umn.edu/elev/dem/setsm/ArcticDEM/mosaic/v3.0/2m/19_16/19_16_2_2_2m_v3.0.tar.gz,DEM,0.17325868,ICESat,782,-0.001,1,2,7,12,2500000000,200000,,
765,20_14_1_2_2m_v3.0,20_14,-9999,2,"May 24, 2018",http://data.pgc.umn.edu/elev/dem/setsm/ArcticDEM/mosaic/v3.0/2m/20_14/20_14_1_2_2m_v3.0.tar.gz,DEM,0.01199556,ICESat,894,-0.001,1,2,7,21,2500000000,200000,,
763,20_14_2_1_2m_v3.0,20_14,-9999,2,"May 24, 2018",http://data.pgc.umn.edu/elev/dem/setsm/ArcticDEM/mosaic/v3.0/2m/20_14/20_14_2_1_2m_v3.0.tar.gz,DEM,0.09844731,ICESat,894,-0.001,1,2,7,21,2500000000,200000,,
764,20_14_2_2_2m_v3.0,20_14,-9999,2,"May 24, 2018",http://data.pgc.umn.edu/elev/dem/setsm/ArcticDEM/mosaic/v3.0/2m/20_14/20_14_2_2_2m_v3.0.tar.gz,DEM,0.77035927,ICESat,894,-0.001,1,2,7,21,2500000000,200000,,
3743,20_15_1_1_2m_v3.0,20_15,-9999,2,"July 23, 2018",http://data.pgc.umn.edu/elev/dem/setsm/ArcticDEM/mosaic/v3.0/2m/20_15/20_15_1_1_2m_v3.0.tar.gz,DEM,0.90057808,ICESat,993,0,1,2,7,34,2500000000,200000,,
3744,20_15_1_2_2m_v3.0,20_15,-9999,2,"July 23, 2018",http://data.pgc.umn.edu/elev/dem/setsm/ArcticDEM/mosaic/v3.0/2m/20_15/20_15_1_2_2m_v3.0.tar.gz,DEM,1,ICESat,993,0,1,2,7,34,2500000000,200000,,
3742,20_15_2_1_2m_v3.0,20_15,-9999,2,"July 23, 2018",http://data.pgc.umn.edu/elev/dem/setsm/ArcticDEM/mosaic/v3.0/2m/20_15/20_15_2_1_2m_v3.0.tar.gz,DEM,1,ICESat,993,0,1,2,7,34,2500000000,200000,,
3745,20_15_2_2_2m_v3.0,20_15,-9999,2,"July 23, 2018",http://data.pgc.umn.edu/elev/dem/setsm/ArcticDEM/mosaic/v3.0/2m/20_15/20_15_2_2_2m_v3.0.tar.gz,DEM,1,ICESat,993,0,1,2,7,34,2500000000,200000,,
2160,20_16_1_1_2m_v3.0,20_16,-9999,2,"May 24, 2018",http://data.pgc.umn.edu/elev/dem/setsm/ArcticDEM/mosaic/v3.0/2m/20_16/20_16_1_1_2m_v3.0.tar.gz,DEM,1,ICESat,910,0,1,2,7,32,2500000000,200000,,
2163,20_16_1_2_2m_v3.0,20_16,-9999,2,"May 24, 2018",http://data.pgc.umn.edu/elev/dem/setsm/ArcticDEM/mosaic/v3.0/2m/20_16/20_16_1_2_2m_v3.0.tar.gz,DEM,1,ICESat,910,0,1,2,7,32,2500000000,200000,,
2162,20_16_2_1_2m_v3.0,20_16,-9999,2,"May 24, 2018",http://data.pgc.umn.edu/elev/dem/setsm/ArcticDEM/mosaic/v3.0/2m/20_16/20_16_2_1_2m_v3.0.tar.gz,DEM,0.99839463,ICESat,910,0,1,2,7,32,2500000000,200000,,
2161,20_16_2_2_2m_v3.0,20_16,-9999,2,"May 24, 2018",http://data.pgc.umn.edu/elev/dem/setsm/ArcticDEM/mosaic/v3.0/2m/20_16/20_16_2_2_2m_v3.0.tar.gz,DEM,1,ICESat,910,0,1,2,7,32,2500000000,200000,,
6354,20_17_1_1_2m_v3.0,20_17,-9999,2,"July 27, 2018",http://data.pgc.umn.edu/elev/dem/setsm/ArcticDEM/mosaic/v3.0/2m/20_17/20_17_1_1_2m_v3.0.tar.gz,DEM,0.78164452,ICESat,894,0,1,2,7,33,2500000000,200000,,
6353,20_17_1_2_2m_v3.0,20_17,-9999,2,"July 27, 2018",http://data.pgc.umn.edu/elev/dem/setsm/ArcticDEM/mosaic/v3.0/2m/20_17/20_17_1_2_2m_v3.0.tar.gz,DEM,1,ICESat,894,0,1,2,7,33,2500000000,200000,,
6355,20_17_2_1_2m_v3.0,20_17,-9999,2,"July 27, 2018",http://data.pgc.umn.edu/elev/dem/setsm/ArcticDEM/mosaic/v3.0/2m/20_17/20_17_2_1_2m_v3.0.tar.gz,DEM,0.7477562,ICESat,894,0,1,2,7,33,2500000000,200000,,
6352,20_17_2_2_2m_v3.0,20_17,-9999,2,"July 27, 2018",http://data.pgc.umn.edu/elev/dem/setsm/ArcticDEM/mosaic/v3.0/2m/20_17/20_17_2_2_2m_v3.0.tar.gz,DEM,0.98873233,ICESat,894,0,1,2,7,33,2500000000,200000,,
7700,20_18_1_1_2m_v3.0,20_18,-9999,2,"May 24, 2018",http://data.pgc.umn.edu/elev/dem/setsm/ArcticDEM/mosaic/v3.0/2m/20_18/20_18_1_1_2m_v3.0.tar.gz,DEM,0.75665558,ICESat,961,0.006,1,2,7,25,2500000000,200000,,
7701,20_18_1_2_2m_v3.0,20_18,-9999,2,"May 24, 2018",http://data.pgc.umn.edu/elev/dem/setsm/ArcticDEM/mosaic/v3.0/2m/20_18/20_18_1_2_2m_v3.0.tar.gz,DEM,0.99820565,ICESat,961,0.006,1,2,7,25,2500000000,200000,,
7699,20_18_2_1_2m_v3.0,20_18,-9999,2,"May 24, 2018",http://data.pgc.umn.edu/elev/dem/setsm/ArcticDEM/mosaic/v3.0/2m/20_18/20_18_2_1_2m_v3.0.tar.gz,DEM,0.59957413,ICESat,961,0.006,1,2,7,25,2500000000,200000,,
7698,20_18_2_2_2m_v3.0,20_18,-9999,2,"May 24, 2018",http://data.pgc.umn.edu/elev/dem/setsm/ArcticDEM/mosaic/v3.0/2m/20_18/20_18_2_2_2m_v3.0.tar.gz,DEM,0.9947692,ICESat,961,0.006,1,2,7,25,2500000000,200000,,
2766,20_19_1_1_2m_v3.0,20_19,-9999,2,"May 24, 2018",http://data.pgc.umn.edu/elev/dem/setsm/ArcticDEM/mosaic/v3.0/2m/20_19/20_19_1_1_2m_v3.0.tar.gz,DEM,0.58826631,ICESat,986,0,1,2,7,31,2500000000,200000,,
2769,20_19_1_2_2m_v3.0,20_19,-9999,2,"May 24, 2018",http://data.pgc.umn.edu/elev/dem/setsm/ArcticDEM/mosaic/v3.0/2m/20_19/20_19_1_2_2m_v3.0.tar.gz,DEM,0.99790128,ICESat,986,0,1,2,7,31,2500000000,200000,,
2768,20_19_2_1_2m_v3.0,20_19,-9999,2,"May 24, 2018",http://data.pgc.umn.edu/elev/dem/setsm/ArcticDEM/mosaic/v3.0/2m/20_19/20_19_2_1_2m_v3.0.tar.gz,DEM,0.65282725,ICESat,986,0,1,2,7,31,2500000000,200000,,
2767,20_19_2_2_2m_v3.0,20_19,-9999,2,"May 24, 2018",http://data.pgc.umn.edu/elev/dem/setsm/ArcticDEM/mosaic/v3.0/2m/20_19/20_19_2_2_2m_v3.0.tar.gz,DEM,1,ICESat,986,0,1,2,7,31,2500000000,200000,,
2941,20_20_1_1_2m_v3.0,20_20,-9999,2,"May 24, 2018",http://data.pgc.umn.edu/elev/dem/setsm/ArcticDEM/mosaic/v3.0/2m/20_20/20_20_1_1_2m_v3.0.tar.gz,DEM,0.08734484,ICESat,827,0.003,1,2,7,25,2500000000,200000,,
2943,20_20_1_2_2m_v3.0,20_20,-9999,2,"May 24, 2018",http://data.pgc.umn.edu/elev/dem/setsm/ArcticDEM/mosaic/v3.0/2m/20_20/20_20_1_2_2m_v3.0.tar.gz,DEM,0.99605928,ICESat,827,0.003,1,2,7,25,2500000000,200000,,
2944,20_20_2_1_2m_v3.0,20_20,-9999,2,"May 24, 2018",http://data.pgc.umn.edu/elev/dem/setsm/ArcticDEM/mosaic/v3.0/2m/20_20/20_20_2_1_2m_v3.0.tar.gz,DEM,0.1033968,ICESat,827,0.003,1,2,7,25,2500000000,200000,,
2942,20_20_2_2_2m_v3.0,20_20,-9999,2,"May 24, 2018",http://data.pgc.umn.edu/elev/dem/setsm/ArcticDEM/mosaic/v3.0/2m/20_20/20_20_2_2_2m_v3.0.tar.gz,DEM,0.98912558,ICESat,827,0.003,1,2,7,25,2500000000,200000,,
4680,21_13_1_2_2m_v3.0,21_13,-9999,2,"July 16, 2018",http://data.pgc.umn.edu/elev/dem/setsm/ArcticDEM/mosaic/v3.0/2m/21_13/21_13_1_2_2m_v3.0.tar.gz,DEM,0.00967178,ICESat,523,-0.005,1,2,7,13,2500000000,200000,,
4679,21_13_2_2_2m_v3.0,21_13,-9999,2,"July 16, 2018",http://data.pgc.umn.edu/elev/dem/setsm/ArcticDEM/mosaic/v3.0/2m/21_13/21_13_2_2_2m_v3.0.tar.gz,DEM,0.47406508,ICESat,523,-0.005,1,2,7,13,2500000000,200000,,
2551,21_14_1_1_2m_v3.0,21_14,-9999,2,"May 24, 2018",http://data.pgc.umn.edu/elev/dem/setsm/ArcticDEM/mosaic/v3.0/2m/21_14/21_14_1_1_2m_v3.0.tar.gz,DEM,0.5388211,ICESat,970,0.003,1,2,7,23,2500000000,200000,,
2552,21_14_1_2_2m_v3.0,21_14,-9999,2,"May 24, 2018",http://data.pgc.umn.edu/elev/dem/setsm/ArcticDEM/mosaic/v3.0/2m/21_14/21_14_1_2_2m_v3.0.tar.gz,DEM,0.90862842,ICESat,970,0.003,1,2,7,23,2500000000,200000,,
2550,21_14_2_1_2m_v3.0,21_14,-9999,2,"May 24, 2018",http://data.pgc.umn.edu/elev/dem/setsm/ArcticDEM/mosaic/v3.0/2m/21_14/21_14_2_1_2m_v3.0.tar.gz,DEM,1,ICESat,970,0.003,1,2,7,23,2500000000,200000,,
2549,21_14_2_2_2m_v3.0,21_14,-9999,2,"May 24, 2018",http://data.pgc.umn.edu/elev/dem/setsm/ArcticDEM/mosaic/v3.0/2m/21_14/21_14_2_2_2m_v3.0.tar.gz,DEM,1,ICESat,970,0.003,1,2,7,23,2500000000,200000,,
8396,21_15_1_1_2m_v3.0,21_15,-9999,2,"July 17, 2018",http://data.pgc.umn.edu/elev/dem/setsm/ArcticDEM/mosaic/v3.0/2m/21_15/21_15_1_1_2m_v3.0.tar.gz,DEM,1,ICESat,947,0,1,2,7,40,2500000000,200000,,
8395,21_15_1_2_2m_v3.0,21_15,-9999,2,"July 17, 2018",http://data.pgc.umn.edu/elev/dem/setsm/ArcticDEM/mosaic/v3.0/2m/21_15/21_15_1_2_2m_v3.0.tar.gz,DEM,0.99986828,ICESat,947,0,1,2,7,40,2500000000,200000,,
8398,21_15_2_1_2m_v3.0,21_15,-9999,2,"July 17, 2018",http://data.pgc.umn.edu/elev/dem/setsm/ArcticDEM/mosaic/v3.0/2m/21_15/21_15_2_1_2m_v3.0.tar.gz,DEM,1,ICESat,947,0,1,2,7,40,2500000000,200000,,
8397,21_15_2_2_2m_v3.0,21_15,-9999,2,"July 17, 2018",http://data.pgc.umn.edu/elev/dem/setsm/ArcticDEM/mosaic/v3.0/2m/21_15/21_15_2_2_2m_v3.0.tar.gz,DEM,0.99994947,ICESat,947,0,1,2,7,40,2500000000,200000,,
2866,21_16_1_1_2m_v3.0,21_16,-9999,2,"May 25, 2018",http://data.pgc.umn.edu/elev/dem/setsm/ArcticDEM/mosaic/v3.0/2m/21_16/21_16_1_1_2m_v3.0.tar.gz,DEM,1,ICESat,919,0,1,2,7,36,2500000000,200000,,
2863,21_16_1_2_2m_v3.0,21_16,-9999,2,"May 25, 2018",http://data.pgc.umn.edu/elev/dem/setsm/ArcticDEM/mosaic/v3.0/2m/21_16/21_16_1_2_2m_v3.0.tar.gz,DEM,0.99737287,ICESat,919,0,1,2,7,36,2500000000,200000,,
2865,21_16_2_1_2m_v3.0,21_16,-9999,2,"May 25, 2018",http://data.pgc.umn.edu/elev/dem/setsm/ArcticDEM/mosaic/v3.0/2m/21_16/21_16_2_1_2m_v3.0.tar.gz,DEM,1,ICESat,919,0,1,2,7,36,2500000000,200000,,
2864,21_16_2_2_2m_v3.0,21_16,-9999,2,"May 25, 2018",http://data.pgc.umn.edu/elev/dem/setsm/ArcticDEM/mosaic/v3.0/2m/21_16/21_16_2_2_2m_v3.0.tar.gz,DEM,0.98073889,ICESat,919,0,1,2,7,36,2500000000,200000,,
830,21_17_1_1_2m_v3.0,21_17,-9999,2,"August 2, 2018",http://data.pgc.umn.edu/elev/dem/setsm/ArcticDEM/mosaic/v3.0/2m/21_17/21_17_1_1_2m_v3.0.tar.gz,DEM,0.99991731,ICESat,906,0.006,1,2,7,30,2500000000,200000,,
828,21_17_1_2_2m_v3.0,21_17,-9999,2,"August 2, 2018",http://data.pgc.umn.edu/elev/dem/setsm/ArcticDEM/mosaic/v3.0/2m/21_17/21_17_1_2_2m_v3.0.tar.gz,DEM,0.98626527,ICESat,906,0.006,1,2,7,30,2500000000,200000,,
831,21_17_2_1_2m_v3.0,21_17,-9999,2,"August 2, 2018",http://data.pgc.umn.edu/elev/dem/setsm/ArcticDEM/mosaic/v3.0/2m/21_17/21_17_2_1_2m_v3.0.tar.gz,DEM,0.99557528,ICESat,906,0.006,1,2,7,30,2500000000,200000,,
829,21_17_2_2_2m_v3.0,21_17,-9999,2,"August 2, 2018",http://data.pgc.umn.edu/elev/dem/setsm/ArcticDEM/mosaic/v3.0/2m/21_17/21_17_2_2_2m_v3.0.tar.gz,DEM,1,ICESat,906,0.006,1,2,7,30,2500000000,200000,,
8317,21_18_1_1_2m_v3.0,21_18,-9999,2,"August 11, 2018",http://data.pgc.umn.edu/elev/dem/setsm/ArcticDEM/mosaic/v3.0/2m/21_18/21_18_1_1_2m_v3.0.tar.gz,DEM,0.96526832,ICESat,865,0,1,2,7,50,2500000000,200000,,
8315,21_18_1_2_2m_v3.0,21_18,-9999,2,"August 11, 2018",http://data.pgc.umn.edu/elev/dem/setsm/ArcticDEM/mosaic/v3.0/2m/21_18/21_18_1_2_2m_v3.0.tar.gz,DEM,0.99920871,ICESat,865,0,1,2,7,50,2500000000,200000,,
8316,21_18_2_1_2m_v3.0,21_18,-9999,2,"August 11, 2018",http://data.pgc.umn.edu/elev/dem/setsm/ArcticDEM/mosaic/v3.0/2m/21_18/21_18_2_1_2m_v3.0.tar.gz,DEM,0.99312821,ICESat,865,0,1,2,7,50,2500000000,200000,,
8314,21_18_2_2_2m_v3.0,21_18,-9999,2,"August 11, 2018",http://data.pgc.umn.edu/elev/dem/setsm/ArcticDEM/mosaic/v3.0/2m/21_18/21_18_2_2_2m_v3.0.tar.gz,DEM,1,ICESat,865,0,1,2,7,50,2500000000,200000,,
7551,21_19_1_1_2m_v3.0,21_19,-9999,2,"August 3, 2018",http://data.pgc.umn.edu/elev/dem/setsm/ArcticDEM/mosaic/v3.0/2m/21_19/21_19_1_1_2m_v3.0.tar.gz,DEM,1,ICESat,959,-0.002,1,2,7,33,2500000000,200000,,
7554,21_19_1_2_2m_v3.0,21_19,-9999,2,"August 3, 2018",http://data.pgc.umn.edu/elev/dem/setsm/ArcticDEM/mosaic/v3.0/2m/21_19/21_19_1_2_2m_v3.0.tar.gz,DEM,0.99923073,ICESat,959,-0.002,1,2,7,33,2500000000,200000,,
7553,21_19_2_1_2m_v3.0,21_19,-9999,2,"August 3, 2018",http://data.pgc.umn.edu/elev/dem/setsm/ArcticDEM/mosaic/v3.0/2m/21_19/21_19_2_1_2m_v3.0.tar.gz,DEM,1,ICESat,959,-0.002,1,2,7,33,2500000000,200000,,
7552,21_19_2_2_2m_v3.0,21_19,-9999,2,"August 3, 2018",http://data.pgc.umn.edu/elev/dem/setsm/ArcticDEM/mosaic/v3.0/2m/21_19/21_19_2_2_2m_v3.0.tar.gz,DEM,0.9972038,ICESat,959,-0.002,1,2,7,33,2500000000,200000,,
9020,21_20_1_1_2m_v3.0,21_20,-9999,2,"May 25, 2018",http://data.pgc.umn.edu/elev/dem/setsm/ArcticDEM/mosaic/v3.0/2m/21_20/21_20_1_1_2m_v3.0.tar.gz,DEM,0.99997329,ICESat,800,0.005,1,2,7,31,2500000000,200000,,
9022,21_20_1_2_2m_v3.0,21_20,-9999,2,"May 25, 2018",http://data.pgc.umn.edu/elev/dem/setsm/ArcticDEM/mosaic/v3.0/2m/21_20/21_20_1_2_2m_v3.0.tar.gz,DEM,1,ICESat,800,0.005,1,2,7,31,2500000000,200000,,
9021,21_20_2_1_2m_v3.0,21_20,-9999,2,"May 25, 2018",http://data.pgc.umn.edu/elev/dem/setsm/ArcticDEM/mosaic/v3.0/2m/21_20/21_20_2_1_2m_v3.0.tar.gz,DEM,1,ICESat,800,0.005,1,2,7,31,2500000000,200000,,
9023,21_20_2_2_2m_v3.0,21_20,-9999,2,"May 25, 2018",http://data.pgc.umn.edu/elev/dem/setsm/ArcticDEM/mosaic/v3.0/2m/21_20/21_20_2_2_2m_v3.0.tar.gz,DEM,1,ICESat,800,0.005,1,2,7,31,2500000000,200000,,
3826,22_13_1_1_2m_v3.0,22_13,-9999,2,"May 25, 2018",http://data.pgc.umn.edu/elev/dem/setsm/ArcticDEM/mosaic/v3.0/2m/22_13/22_13_1_1_2m_v3.0.tar.gz,DEM,0.05312695,ICESat,840,0,1,2,7,25,2500000000,200000,,
3824,22_13_1_2_2m_v3.0,22_13,-9999,2,"May 25, 2018",http://data.pgc.umn.edu/elev/dem/setsm/ArcticDEM/mosaic/v3.0/2m/22_13/22_13_1_2_2m_v3.0.tar.gz,DEM,0.62088583,ICESat,840,0,1,2,7,25,2500000000,200000,,
3827,22_13_2_1_2m_v3.0,22_13,-9999,2,"May 25, 2018",http://data.pgc.umn.edu/elev/dem/setsm/ArcticDEM/mosaic/v3.0/2m/22_13/22_13_2_1_2m_v3.0.tar.gz,DEM,0.875364,ICESat,840,0,1,2,7,25,2500000000,200000,,
3825,22_13_2_2_2m_v3.0,22_13,-9999,2,"May 25, 2018",http://data.pgc.umn.edu/elev/dem/setsm/ArcticDEM/mosaic/v3.0/2m/22_13/22_13_2_2_2m_v3.0.tar.gz,DEM,0.99534394,ICESat,840,0,1,2,7,25,2500000000,200000,,
2716,22_14_1_1_2m_v3.0,22_14,-9999,2,"July 17, 2018",http://data.pgc.umn.edu/elev/dem/setsm/ArcticDEM/mosaic/v3.0/2m/22_14/22_14_1_1_2m_v3.0.tar.gz,DEM,0.91794331,ICESat,978,-0.001,1,2,7,34,2500000000,200000,,
2715,22_14_1_2_2m_v3.0,22_14,-9999,2,"July 17, 2018",http://data.pgc.umn.edu/elev/dem/setsm/ArcticDEM/mosaic/v3.0/2m/22_14/22_14_1_2_2m_v3.0.tar.gz,DEM,0.99979528,ICESat,978,-0.001,1,2,7,34,2500000000,200000,,
2717,22_14_2_1_2m_v3.0,22_14,-9999,2,"July 17, 2018",http://data.pgc.umn.edu/elev/dem/setsm/ArcticDEM/mosaic/v3.0/2m/22_14/22_14_2_1_2m_v3.0.tar.gz,DEM,0.97621857,ICESat,978,-0.001,1,2,7,34,2500000000,200000,,
2718,22_14_2_2_2m_v3.0,22_14,-9999,2,"July 17, 2018",http://data.pgc.umn.edu/elev/dem/setsm/ArcticDEM/mosaic/v3.0/2m/22_14/22_14_2_2_2m_v3.0.tar.gz,DEM,1,ICESat,978,-0.001,1,2,7,34,2500000000,200000,,
417,22_15_1_1_2m_v3.0,22_15,-9999,2,"August 8, 2018",http://data.pgc.umn.edu/elev/dem/setsm/ArcticDEM/mosaic/v3.0/2m/22_15/22_15_1_1_2m_v3.0.tar.gz,DEM,1,ICESat,917,-0.009,1,2,7,31,2500000000,200000,,
416,22_15_1_2_2m_v3.0,22_15,-9999,2,"August 8, 2018",http://data.pgc.umn.edu/elev/dem/setsm/ArcticDEM/mosaic/v3.0/2m/22_15/22_15_1_2_2m_v3.0.tar.gz,DEM,1,ICESat,917,-0.009,1,2,7,31,2500000000,200000,,
419,22_15_2_1_2m_v3.0,22_15,-9999,2,"August 8, 2018",http://data.pgc.umn.edu/elev/dem/setsm/ArcticDEM/mosaic/v3.0/2m/22_15/22_15_2_1_2m_v3.0.tar.gz,DEM,0.99995006,ICESat,917,-0.009,1,2,7,31,2500000000,200000,,
418,22_15_2_2_2m_v3.0,22_15,-9999,2,"August 8, 2018",http://data.pgc.umn.edu/elev/dem/setsm/ArcticDEM/mosaic/v3.0/2m/22_15/22_15_2_2_2m_v3.0.tar.gz,DEM,1,ICESat,917,-0.009,1,2,7,31,2500000000,200000,,
388,22_16_1_1_2m_v3.0,22_16,-9999,2,"July 17, 2018",http://data.pgc.umn.edu/elev/dem/setsm/ArcticDEM/mosaic/v3.0/2m/22_16/22_16_1_1_2m_v3.0.tar.gz,DEM,0.99915783,ICESat,894,0.001,1,2,7,40,2500000000,200000,,
386,22_16_1_2_2m_v3.0,22_16,-9999,2,"July 17, 2018",http://data.pgc.umn.edu/elev/dem/setsm/ArcticDEM/mosaic/v3.0/2m/22_16/22_16_1_2_2m_v3.0.tar.gz,DEM,1,ICESat,894,0.001,1,2,7,40,2500000000,200000,,
387,22_16_2_1_2m_v3.0,22_16,-9999,2,"July 17, 2018",http://data.pgc.umn.edu/elev/dem/setsm/ArcticDEM/mosaic/v3.0/2m/22_16/22_16_2_1_2m_v3.0.tar.gz,DEM,0.99440083,ICESat,894,0.001,1,2,7,40,2500000000,200000,,
389,22_16_2_2_2m_v3.0,22_16,-9999,2,"July 17, 2018",http://data.pgc.umn.edu/elev/dem/setsm/ArcticDEM/mosaic/v3.0/2m/22_16/22_16_2_2_2m_v3.0.tar.gz,DEM,0.97624453,ICESat,894,0.001,1,2,7,40,2500000000,200000,,
747,22_17_1_1_2m_v3.0,22_17,-9999,2,"July 26, 2018",http://data.pgc.umn.edu/elev/dem/setsm/ArcticDEM/mosaic/v3.0/2m/22_17/22_17_1_1_2m_v3.0.tar.gz,DEM,0.99559045,ICESat,856,0.001,1,2,7,45,2500000000,200000,,
750,22_17_1_2_2m_v3.0,22_17,-9999,2,"July 26, 2018",http://data.pgc.umn.edu/elev/dem/setsm/ArcticDEM/mosaic/v3.0/2m/22_17/22_17_1_2_2m_v3.0.tar.gz,DEM,0.99171655,ICESat,856,0.001,1,2,7,45,2500000000,200000,,
748,22_17_2_1_2m_v3.0,22_17,-9999,2,"July 26, 2018",http://data.pgc.umn.edu/elev/dem/setsm/ArcticDEM/mosaic/v3.0/2m/22_17/22_17_2_1_2m_v3.0.tar.gz,DEM,1,ICESat,856,0.001,1,2,7,45,2500000000,200000,,
749,22_17_2_2_2m_v3.0,22_17,-9999,2,"July 26, 2018",http://data.pgc.umn.edu/elev/dem/setsm/ArcticDEM/mosaic/v3.0/2m/22_17/22_17_2_2_2m_v3.0.tar.gz,DEM,1,ICESat,856,0.001,1,2,7,45,2500000000,200000,,
5363,22_18_1_1_2m_v3.0,22_18,-9999,2,"August 2, 2018",http://data.pgc.umn.edu/elev/dem/setsm/ArcticDEM/mosaic/v3.0/2m/22_18/22_18_1_1_2m_v3.0.tar.gz,DEM,1,ICESat,742,-0.002,1,2,7,29,2500000000,200000,,
5362,22_18_1_2_2m_v3.0,22_18,-9999,2,"August 2, 2018",http://data.pgc.umn.edu/elev/dem/setsm/ArcticDEM/mosaic/v3.0/2m/22_18/22_18_1_2_2m_v3.0.tar.gz,DEM,0.9999605,ICESat,742,-0.002,1,2,7,29,2500000000,200000,,
5364,22_18_2_1_2m_v3.0,22_18,-9999,2,"August 2, 2018",http://data.pgc.umn.edu/elev/dem/setsm/ArcticDEM/mosaic/v3.0/2m/22_18/22_18_2_1_2m_v3.0.tar.gz,DEM,1,ICESat,742,-0.002,1,2,7,29,2500000000,200000,,
5365,22_18_2_2_2m_v3.0,22_18,-9999,2,"August 2, 2018",http://data.pgc.umn.edu/elev/dem/setsm/ArcticDEM/mosaic/v3.0/2m/22_18/22_18_2_2_2m_v3.0.tar.gz,DEM,0.99988382,ICESat,742,-0.002,1,2,7,29,2500000000,200000,,
4895,22_19_1_1_2m_v3.0,22_19,-9999,2,"May 25, 2018",http://data.pgc.umn.edu/elev/dem/setsm/ArcticDEM/mosaic/v3.0/2m/22_19/22_19_1_1_2m_v3.0.tar.gz,DEM,0.98607409,ICESat,896,0,1,2,7,39,2500000000,200000,,
4893,22_19_1_2_2m_v3.0,22_19,-9999,2,"May 25, 2018",http://data.pgc.umn.edu/elev/dem/setsm/ArcticDEM/mosaic/v3.0/2m/22_19/22_19_1_2_2m_v3.0.tar.gz,DEM,0.98439328,ICESat,896,0,1,2,7,39,2500000000,200000,,
4892,22_19_2_1_2m_v3.0,22_19,-9999,2,"May 25, 2018",http://data.pgc.umn.edu/elev/dem/setsm/ArcticDEM/mosaic/v3.0/2m/22_19/22_19_2_1_2m_v3.0.tar.gz,DEM,0.99997715,ICESat,896,0,1,2,7,39,2500000000,200000,,
4894,22_19_2_2_2m_v3.0,22_19,-9999,2,"May 25, 2018",http://data.pgc.umn.edu/elev/dem/setsm/ArcticDEM/mosaic/v3.0/2m/22_19/22_19_2_2_2m_v3.0.tar.gz,DEM,0.97371064,ICESat,896,0,1,2,7,39,2500000000,200000,,
4609,22_20_1_1_2m_v3.0,22_20,-9999,2,"July 17, 2018",http://data.pgc.umn.edu/elev/dem/setsm/ArcticDEM/mosaic/v3.0/2m/22_20/22_20_1_1_2m_v3.0.tar.gz,DEM,0.99999472,ICESat,878,-0.001,1,2,7,36,2500000000,200000,,
4610,22_20_1_2_2m_v3.0,22_20,-9999,2,"July 17, 2018",http://data.pgc.umn.edu/elev/dem/setsm/ArcticDEM/mosaic/v3.0/2m/22_20/22_20_1_2_2m_v3.0.tar.gz,DEM,0.9997551,ICESat,878,-0.001,1,2,7,36,2500000000,200000,,
4607,22_20_2_1_2m_v3.0,22_20,-9999,2,"July 17, 2018",http://data.pgc.umn.edu/elev/dem/setsm/ArcticDEM/mosaic/v3.0/2m/22_20/22_20_2_1_2m_v3.0.tar.gz,DEM,1,ICESat,878,-0.001,1,2,7,36,2500000000,200000,,
4608,22_20_2_2_2m_v3.0,22_20,-9999,2,"July 17, 2018",http://data.pgc.umn.edu/elev/dem/setsm/ArcticDEM/mosaic/v3.0/2m/22_20/22_20_2_2_2m_v3.0.tar.gz,DEM,1,ICESat,878,-0.001,1,2,7,36,2500000000,200000,,
5246,22_21_1_1_2m_v3.0,22_21,-9999,2,"July 7, 2018",http://data.pgc.umn.edu/elev/dem/setsm/ArcticDEM/mosaic/v3.0/2m/22_21/22_21_1_1_2m_v3.0.tar.gz,DEM,1,ICESat,816,-0.004,1,2,7,31,2500000000,200000,,
5245,22_21_1_2_2m_v3.0,22_21,-9999,2,"July 7, 2018",http://data.pgc.umn.edu/elev/dem/setsm/ArcticDEM/mosaic/v3.0/2m/22_21/22_21_1_2_2m_v3.0.tar.gz,DEM,1,ICESat,816,-0.004,1,2,7,31,2500000000,200000,,
3395,23_12_1_2_2m_v3.0,23_12,-9999,2,"July 17, 2018",http://data.pgc.umn.edu/elev/dem/setsm/ArcticDEM/mosaic/v3.0/2m/23_12/23_12_1_2_2m_v3.0.tar.gz,DEM,0.01904924,ICESat,889,-0.002,1,2,7,17,2500000000,200000,,
3393,23_12_2_1_2m_v3.0,23_12,-9999,2,"July 17, 2018",http://data.pgc.umn.edu/elev/dem/setsm/ArcticDEM/mosaic/v3.0/2m/23_12/23_12_2_1_2m_v3.0.tar.gz,DEM,0.24974468,ICESat,889,-0.002,1,2,7,17,2500000000,200000,,
3394,23_12_2_2_2m_v3.0,23_12,-9999,2,"July 17, 2018",http://data.pgc.umn.edu/elev/dem/setsm/ArcticDEM/mosaic/v3.0/2m/23_12/23_12_2_2_2m_v3.0.tar.gz,DEM,0.83524722,ICESat,889,-0.002,1,2,7,17,2500000000,200000,,
9137,23_13_1_1_2m_v3.0,23_13,-9999,2,"August 3, 2018",http://data.pgc.umn.edu/elev/dem/setsm/ArcticDEM/mosaic/v3.0/2m/23_13/23_13_1_1_2m_v3.0.tar.gz,DEM,0.99573634,ICESat,969,0,1,2,7,30,2500000000,200000,,
9134,23_13_1_2_2m_v3.0,23_13,-9999,2,"August 3, 2018",http://data.pgc.umn.edu/elev/dem/setsm/ArcticDEM/mosaic/v3.0/2m/23_13/23_13_1_2_2m_v3.0.tar.gz,DEM,0.99999981,ICESat,969,0,1,2,7,30,2500000000,200000,,
9135,23_13_2_1_2m_v3.0,23_13,-9999,2,"August 3, 2018",http://data.pgc.umn.edu/elev/dem/setsm/ArcticDEM/mosaic/v3.0/2m/23_13/23_13_2_1_2m_v3.0.tar.gz,DEM,0.99527371,ICESat,969,0,1,2,7,30,2500000000,200000,,
9136,23_13_2_2_2m_v3.0,23_13,-9999,2,"August 3, 2018",http://data.pgc.umn.edu/elev/dem/setsm/ArcticDEM/mosaic/v3.0/2m/23_13/23_13_2_2_2m_v3.0.tar.gz,DEM,0.98855626,ICESat,969,0,1,2,7,30,2500000000,200000,,
7772,23_14_1_1_2m_v3.0,23_14,-9999,2,"July 6, 2018",http://data.pgc.umn.edu/elev/dem/setsm/ArcticDEM/mosaic/v3.0/2m/23_14/23_14_1_1_2m_v3.0.tar.gz,DEM,0.99731487,ICESat,949,0.002,1,2,7,34,2500000000,200000,,
7770,23_14_1_2_2m_v3.0,23_14,-9999,2,"July 6, 2018",http://data.pgc.umn.edu/elev/dem/setsm/ArcticDEM/mosaic/v3.0/2m/23_14/23_14_1_2_2m_v3.0.tar.gz,DEM,0.98540835,ICESat,949,0.002,1,2,7,34,2500000000,200000,,
7769,23_14_2_1_2m_v3.0,23_14,-9999,2,"July 6, 2018",http://data.pgc.umn.edu/elev/dem/setsm/ArcticDEM/mosaic/v3.0/2m/23_14/23_14_2_1_2m_v3.0.tar.gz,DEM,1,ICESat,949,0.002,1,2,7,34,2500000000,200000,,
7771,23_14_2_2_2m_v3.0,23_14,-9999,2,"July 6, 2018",http://data.pgc.umn.edu/elev/dem/setsm/ArcticDEM/mosaic/v3.0/2m/23_14/23_14_2_2_2m_v3.0.tar.gz,DEM,1,ICESat,949,0.002,1,2,7,34,2500000000,200000,,
1754,23_15_1_1_2m_v3.0,23_15,-9999,2,"July 17, 2018",http://data.pgc.umn.edu/elev/dem/setsm/ArcticDEM/mosaic/v3.0/2m/23_15/23_15_1_1_2m_v3.0.tar.gz,DEM,0.9836492,ICESat,980,0,1,2,7,34,2500000000,200000,,
1753,23_15_1_2_2m_v3.0,23_15,-9999,2,"July 17, 2018",http://data.pgc.umn.edu/elev/dem/setsm/ArcticDEM/mosaic/v3.0/2m/23_15/23_15_1_2_2m_v3.0.tar.gz,DEM,0.98903797,ICESat,980,0,1,2,7,34,2500000000,200000,,
1755,23_15_2_1_2m_v3.0,23_15,-9999,2,"July 17, 2018",http://data.pgc.umn.edu/elev/dem/setsm/ArcticDEM/mosaic/v3.0/2m/23_15/23_15_2_1_2m_v3.0.tar.gz,DEM,0.95826392,ICESat,980,0,1,2,7,34,2500000000,200000,,
1756,23_15_2_2_2m_v3.0,23_15,-9999,2,"July 17, 2018",http://data.pgc.umn.edu/elev/dem/setsm/ArcticDEM/mosaic/v3.0/2m/23_15/23_15_2_2_2m_v3.0.tar.gz,DEM,1,ICESat,980,0,1,2,7,34,2500000000,200000,,
8075,23_16_1_1_2m_v3.0,23_16,-9999,2,"August 3, 2018",http://data.pgc.umn.edu/elev/dem/setsm/ArcticDEM/mosaic/v3.0/2m/23_16/23_16_1_1_2m_v3.0.tar.gz,DEM,1,ICESat,967,0,1,2,7,27,2500000000,200000,,
8076,23_16_1_2_2m_v3.0,23_16,-9999,2,"August 3, 2018",http://data.pgc.umn.edu/elev/dem/setsm/ArcticDEM/mosaic/v3.0/2m/23_16/23_16_1_2_2m_v3.0.tar.gz,DEM,1,ICESat,967,0,1,2,7,27,2500000000,200000,,
8074,23_16_2_1_2m_v3.0,23_16,-9999,2,"August 3, 2018",http://data.pgc.umn.edu/elev/dem/setsm/ArcticDEM/mosaic/v3.0/2m/23_16/23_16_2_1_2m_v3.0.tar.gz,DEM,0.99997482,ICESat,967,0,1,2,7,27,2500000000,200000,,
8073,23_16_2_2_2m_v3.0,23_16,-9999,2,"August 3, 2018",http://data.pgc.umn.edu/elev/dem/setsm/ArcticDEM/mosaic/v3.0/2m/23_16/23_16_2_2_2m_v3.0.tar.gz,DEM,0.99790575,ICESat,967,0,1,2,7,27,2500000000,200000,,
2481,23_17_1_1_2m_v3.0,23_17,-9999,2,"July 17, 2018",http://data.pgc.umn.edu/elev/dem/setsm/ArcticDEM/mosaic/v3.0/2m/23_17/23_17_1_1_2m_v3.0.tar.gz,DEM,0.99485644,ICESat,902,0.002,1,2,7,29,2500000000,200000,,
2482,23_17_1_2_2m_v3.0,23_17,-9999,2,"July 17, 2018",http://data.pgc.umn.edu/elev/dem/setsm/ArcticDEM/mosaic/v3.0/2m/23_17/23_17_1_2_2m_v3.0.tar.gz,DEM,1,ICESat,902,0.002,1,2,7,29,2500000000,200000,,
2480,23_17_2_1_2m_v3.0,23_17,-9999,2,"July 17, 2018",http://data.pgc.umn.edu/elev/dem/setsm/ArcticDEM/mosaic/v3.0/2m/23_17/23_17_2_1_2m_v3.0.tar.gz,DEM,0.99997694,ICESat,902,0.002,1,2,7,29,2500000000,200000,,
2483,23_17_2_2_2m_v3.0,23_17,-9999,2,"July 17, 2018",http://data.pgc.umn.edu/elev/dem/setsm/ArcticDEM/mosaic/v3.0/2m/23_17/23_17_2_2_2m_v3.0.tar.gz,DEM,0.99990101,ICESat,902,0.002,1,2,7,29,2500000000,200000,,
3795,23_18_1_1_2m_v3.0,23_18,-9999,2,"August 10, 2018",http://data.pgc.umn.edu/elev/dem/setsm/ArcticDEM/mosaic/v3.0/2m/23_18/23_18_1_1_2m_v3.0.tar.gz,DEM,0.99554003,ICESat,935,0.002,1,2,7,51,2500000000,200000,,
3793,23_18_1_2_2m_v3.0,23_18,-9999,2,"August 10, 2018",http://data.pgc.umn.edu/elev/dem/setsm/ArcticDEM/mosaic/v3.0/2m/23_18/23_18_1_2_2m_v3.0.tar.gz,DEM,0.99999775,ICESat,935,0.002,1,2,7,51,2500000000,200000,,
3792,23_18_2_1_2m_v3.0,23_18,-9999,2,"August 10, 2018",http://data.pgc.umn.edu/elev/dem/setsm/ArcticDEM/mosaic/v3.0/2m/23_18/23_18_2_1_2m_v3.0.tar.gz,DEM,0.8637404,ICESat,935,0.002,1,2,7,51,2500000000,200000,,
3794,23_18_2_2_2m_v3.0,23_18,-9999,2,"August 10, 2018",http://data.pgc.umn.edu/elev/dem/setsm/ArcticDEM/mosaic/v3.0/2m/23_18/23_18_2_2_2m_v3.0.tar.gz,DEM,0.84955207,ICESat,935,0.002,1,2,7,51,2500000000,200000,,
9163,23_19_1_1_2m_v3.0,23_19,-9999,2,"July 17, 2018",http://data.pgc.umn.edu/elev/dem/setsm/ArcticDEM/mosaic/v3.0/2m/23_19/23_19_1_1_2m_v3.0.tar.gz,DEM,0.99983593,ICESat,965,0.001,1,2,7,48,2500000000,200000,,
9161,23_19_1_2_2m_v3.0,23_19,-9999,2,"July 17, 2018",http://data.pgc.umn.edu/elev/dem/setsm/ArcticDEM/mosaic/v3.0/2m/23_19/23_19_1_2_2m_v3.0.tar.gz,DEM,0.97075192,ICESat,965,0.001,1,2,7,48,2500000000,200000,,
9162,23_19_2_1_2m_v3.0,23_19,-9999,2,"July 17, 2018",http://data.pgc.umn.edu/elev/dem/setsm/ArcticDEM/mosaic/v3.0/2m/23_19/23_19_2_1_2m_v3.0.tar.gz,DEM,0.98564165,ICESat,965,0.001,1,2,7,48,2500000000,200000,,
9164,23_19_2_2_2m_v3.0,23_19,-9999,2,"July 17, 2018",http://data.pgc.umn.edu/elev/dem/setsm/ArcticDEM/mosaic/v3.0/2m/23_19/23_19_2_2_2m_v3.0.tar.gz,DEM,0.93760747,ICESat,965,0.001,1,2,7,48,2500000000,200000,,
5486,23_20_1_1_2m_v3.0,23_20,-9999,2,"July 7, 2018",http://data.pgc.umn.edu/elev/dem/setsm/ArcticDEM/mosaic/v3.0/2m/23_20/23_20_1_1_2m_v3.0.tar.gz,DEM,0.99643985,ICESat,930,0,1,2,7,38,2500000000,200000,,
5488,23_20_1_2_2m_v3.0,23_20,-9999,2,"July 7, 2018",http://data.pgc.umn.edu/elev/dem/setsm/ArcticDEM/mosaic/v3.0/2m/23_20/23_20_1_2_2m_v3.0.tar.gz,DEM,0.99429886,ICESat,930,0,1,2,7,38,2500000000,200000,,
5489,23_20_2_1_2m_v3.0,23_20,-9999,2,"July 7, 2018",http://data.pgc.umn.edu/elev/dem/setsm/ArcticDEM/mosaic/v3.0/2m/23_20/23_20_2_1_2m_v3.0.tar.gz,DEM,0.99392848,ICESat,930,0,1,2,7,38,2500000000,200000,,
5487,23_20_2_2_2m_v3.0,23_20,-9999,2,"July 7, 2018",http://data.pgc.umn.edu/elev/dem/setsm/ArcticDEM/mosaic/v3.0/2m/23_20/23_20_2_2_2m_v3.0.tar.gz,DEM,0.97562892,ICESat,930,0,1,2,7,38,2500000000,200000,,
3251,23_21_1_1_2m_v3.0,23_21,-9999,2,"July 7, 2018",http://data.pgc.umn.edu/elev/dem/setsm/ArcticDEM/mosaic/v3.0/2m/23_21/23_21_1_1_2m_v3.0.tar.gz,DEM,0.99658691,ICESat,929,0.006,1,2,7,43,2500000000,200000,,
3249,23_21_1_2_2m_v3.0,23_21,-9999,2,"July 7, 2018",http://data.pgc.umn.edu/elev/dem/setsm/ArcticDEM/mosaic/v3.0/2m/23_21/23_21_1_2_2m_v3.0.tar.gz,DEM,0.98787611,ICESat,929,0.006,1,2,7,43,2500000000,200000,,
6703,24_11_2_2_2m_v3.0,24_11,-9999,2,"May 25, 2018",http://data.pgc.umn.edu/elev/dem/setsm/ArcticDEM/mosaic/v3.0/2m/24_11/24_11_2_2_2m_v3.0.tar.gz,DEM,0.09716345,ICESat,45,0.001,1,2,7,6,2500000000,200000,,
4125,24_12_1_1_2m_v3.0,24_12,-9999,2,"July 17, 2018",http://data.pgc.umn.edu/elev/dem/setsm/ArcticDEM/mosaic/v3.0/2m/24_12/24_12_1_1_2m_v3.0.tar.gz,DEM,0.46790517,ICESat,833,0.004,1,2,7,21,2500000000,200000,,
4124,24_12_1_2_2m_v3.0,24_12,-9999,2,"July 17, 2018",http://data.pgc.umn.edu/elev/dem/setsm/ArcticDEM/mosaic/v3.0/2m/24_12/24_12_1_2_2m_v3.0.tar.gz,DEM,0.94061677,ICESat,833,0.004,1,2,7,21,2500000000,200000,,
4123,24_12_2_1_2m_v3.0,24_12,-9999,2,"July 17, 2018",http://data.pgc.umn.edu/elev/dem/setsm/ArcticDEM/mosaic/v3.0/2m/24_12/24_12_2_1_2m_v3.0.tar.gz,DEM,0.99014446,ICESat,833,0.004,1,2,7,21,2500000000,200000,,
4126,24_12_2_2_2m_v3.0,24_12,-9999,2,"July 17, 2018",http://data.pgc.umn.edu/elev/dem/setsm/ArcticDEM/mosaic/v3.0/2m/24_12/24_12_2_2_2m_v3.0.tar.gz,DEM,1,ICESat,833,0.004,1,2,7,21,2500000000,200000,,
3844,24_13_1_1_2m_v3.0,24_13,-9999,2,"May 25, 2018",http://data.pgc.umn.edu/elev/dem/setsm/ArcticDEM/mosaic/v3.0/2m/24_13/24_13_1_1_2m_v3.0.tar.gz,DEM,0.96968567,ICESat,745,0.003,1,2,7,38,2500000000,200000,,
3847,24_13_1_2_2m_v3.0,24_13,-9999,2,"May 25, 2018",http://data.pgc.umn.edu/elev/dem/setsm/ArcticDEM/mosaic/v3.0/2m/24_13/24_13_1_2_2m_v3.0.tar.gz,DEM,0.99867522,ICESat,745,0.003,1,2,7,38,2500000000,200000,,
3846,24_13_2_1_2m_v3.0,24_13,-9999,2,"May 25, 2018",http://data.pgc.umn.edu/elev/dem/setsm/ArcticDEM/mosaic/v3.0/2m/24_13/24_13_2_1_2m_v3.0.tar.gz,DEM,0.99739504,ICESat,745,0.003,1,2,7,38,2500000000,200000,,
3845,24_13_2_2_2m_v3.0,24_13,-9999,2,"May 25, 2018",http://data.pgc.umn.edu/elev/dem/setsm/ArcticDEM/mosaic/v3.0/2m/24_13/24_13_2_2_2m_v3.0.tar.gz,DEM,0.99972584,ICESat,745,0.003,1,2,7,38,2500000000,200000,,
5693,24_14_1_1_2m_v3.0,24_14,-9999,2,"July 27, 2018",http://data.pgc.umn.edu/elev/dem/setsm/ArcticDEM/mosaic/v3.0/2m/24_14/24_14_1_1_2m_v3.0.tar.gz,DEM,0.93629404,ICESat,893,-0.01,1,2,7,41,2500000000,200000,,
5692,24_14_1_2_2m_v3.0,24_14,-9999,2,"July 27, 2018",http://data.pgc.umn.edu/elev/dem/setsm/ArcticDEM/mosaic/v3.0/2m/24_14/24_14_1_2_2m_v3.0.tar.gz,DEM,1,ICESat,893,-0.01,1,2,7,41,2500000000,200000,,
5690,24_14_2_1_2m_v3.0,24_14,-9999,2,"July 27, 2018",http://data.pgc.umn.edu/elev/dem/setsm/ArcticDEM/mosaic/v3.0/2m/24_14/24_14_2_1_2m_v3.0.tar.gz,DEM,0.96827101,ICESat,893,-0.01,1,2,7,41,2500000000,200000,,
5691,24_14_2_2_2m_v3.0,24_14,-9999,2,"July 27, 2018",http://data.pgc.umn.edu/elev/dem/setsm/ArcticDEM/mosaic/v3.0/2m/24_14/24_14_2_2_2m_v3.0.tar.gz,DEM,1,ICESat,893,-0.01,1,2,7,41,2500000000,200000,,
6295,24_15_1_1_2m_v3.0,24_15,-9999,2,"August 3, 2018",http://data.pgc.umn.edu/elev/dem/setsm/ArcticDEM/mosaic/v3.0/2m/24_15/24_15_1_1_2m_v3.0.tar.gz,DEM,0.99956508,ICESat,962,0,1,2,7,38,2500000000,200000,,
6294,24_15_1_2_2m_v3.0,24_15,-9999,2,"August 3, 2018",http://data.pgc.umn.edu/elev/dem/setsm/ArcticDEM/mosaic/v3.0/2m/24_15/24_15_1_2_2m_v3.0.tar.gz,DEM,0.99999767,ICESat,962,0,1,2,7,38,2500000000,200000,,
6292,24_15_2_1_2m_v3.0,24_15,-9999,2,"August 3, 2018",http://data.pgc.umn.edu/elev/dem/setsm/ArcticDEM/mosaic/v3.0/2m/24_15/24_15_2_1_2m_v3.0.tar.gz,DEM,0.99655555,ICESat,962,0,1,2,7,38,2500000000,200000,,
6293,24_15_2_2_2m_v3.0,24_15,-9999,2,"August 3, 2018",http://data.pgc.umn.edu/elev/dem/setsm/ArcticDEM/mosaic/v3.0/2m/24_15/24_15_2_2_2m_v3.0.tar.gz,DEM,0.99665629,ICESat,962,0,1,2,7,38,2500000000,200000,,
6812,24_16_1_1_2m_v3.0,24_16,-9999,2,"July 17, 2018",http://data.pgc.umn.edu/elev/dem/setsm/ArcticDEM/mosaic/v3.0/2m/24_16/24_16_1_1_2m_v3.0.tar.gz,DEM,0.99991957,ICESat,999,-0.001,1,2,7,39,2500000000,200000,,
6814,24_16_1_2_2m_v3.0,24_16,-9999,2,"July 17, 2018",http://data.pgc.umn.edu/elev/dem/setsm/ArcticDEM/mosaic/v3.0/2m/24_16/24_16_1_2_2m_v3.0.tar.gz,DEM,0.99218507,ICESat,999,-0.001,1,2,7,39,2500000000,200000,,
6813,24_16_2_1_2m_v3.0,24_16,-9999,2,"July 17, 2018",http://data.pgc.umn.edu/elev/dem/setsm/ArcticDEM/mosaic/v3.0/2m/24_16/24_16_2_1_2m_v3.0.tar.gz,DEM,0.99989151,ICESat,999,-0.001,1,2,7,39,2500000000,200000,,
6811,24_16_2_2_2m_v3.0,24_16,-9999,2,"July 17, 2018",http://data.pgc.umn.edu/elev/dem/setsm/ArcticDEM/mosaic/v3.0/2m/24_16/24_16_2_2_2m_v3.0.tar.gz,DEM,0.9964576,ICESat,999,-0.001,1,2,7,39,2500000000,200000,,
6177,24_17_1_1_2m_v3.0,24_17,-9999,2,"August 11, 2018",http://data.pgc.umn.edu/elev/dem/setsm/ArcticDEM/mosaic/v3.0/2m/24_17/24_17_1_1_2m_v3.0.tar.gz,DEM,0.9984864,ICESat,929,0,1,2,7,42,2500000000,200000,,
6178,24_17_1_2_2m_v3.0,24_17,-9999,2,"August 11, 2018",http://data.pgc.umn.edu/elev/dem/setsm/ArcticDEM/mosaic/v3.0/2m/24_17/24_17_1_2_2m_v3.0.tar.gz,DEM,0.90533005,ICESat,929,0,1,2,7,42,2500000000,200000,,
6176,24_17_2_1_2m_v3.0,24_17,-9999,2,"August 11, 2018",http://data.pgc.umn.edu/elev/dem/setsm/ArcticDEM/mosaic/v3.0/2m/24_17/24_17_2_1_2m_v3.0.tar.gz,DEM,0.99969705,ICESat,929,0,1,2,7,42,2500000000,200000,,
6175,24_17_2_2_2m_v3.0,24_17,-9999,2,"August 11, 2018",http://data.pgc.umn.edu/elev/dem/setsm/ArcticDEM/mosaic/v3.0/2m/24_17/24_17_2_2_2m_v3.0.tar.gz,DEM,0.83181588,ICESat,929,0,1,2,7,42,2500000000,200000,,
557,24_18_1_1_2m_v3.0,24_18,-9999,2,"July 29, 2018",http://data.pgc.umn.edu/elev/dem/setsm/ArcticDEM/mosaic/v3.0/2m/24_18/24_18_1_1_2m_v3.0.tar.gz,DEM,0.9959552,ICESat,988,-0.002,1,2,7,33,2500000000,200000,,
559,24_18_1_2_2m_v3.0,24_18,-9999,2,"July 29, 2018",http://data.pgc.umn.edu/elev/dem/setsm/ArcticDEM/mosaic/v3.0/2m/24_18/24_18_1_2_2m_v3.0.tar.gz,DEM,0.998378,ICESat,988,-0.002,1,2,7,33,2500000000,200000,,
558,24_18_2_1_2m_v3.0,24_18,-9999,2,"July 29, 2018",http://data.pgc.umn.edu/elev/dem/setsm/ArcticDEM/mosaic/v3.0/2m/24_18/24_18_2_1_2m_v3.0.tar.gz,DEM,0.99890514,ICESat,988,-0.002,1,2,7,33,2500000000,200000,,
556,24_18_2_2_2m_v3.0,24_18,-9999,2,"July 29, 2018",http://data.pgc.umn.edu/elev/dem/setsm/ArcticDEM/mosaic/v3.0/2m/24_18/24_18_2_2_2m_v3.0.tar.gz,DEM,0.9949119,ICESat,988,-0.002,1,2,7,33,2500000000,200000,,
4406,24_19_1_1_2m_v3.0,24_19,-9999,2,"July 28, 2018",http://data.pgc.umn.edu/elev/dem/setsm/ArcticDEM/mosaic/v3.0/2m/24_19/24_19_1_1_2m_v3.0.tar.gz,DEM,1,ICESat,930,0,1,2,7,33,2500000000,200000,,
4405,24_19_1_2_2m_v3.0,24_19,-9999,2,"July 28, 2018",http://data.pgc.umn.edu/elev/dem/setsm/ArcticDEM/mosaic/v3.0/2m/24_19/24_19_1_2_2m_v3.0.tar.gz,DEM,0.97908069,ICESat,930,0,1,2,7,33,2500000000,200000,,
4404,24_19_2_1_2m_v3.0,24_19,-9999,2,"July 28, 2018",http://data.pgc.umn.edu/elev/dem/setsm/ArcticDEM/mosaic/v3.0/2m/24_19/24_19_2_1_2m_v3.0.tar.gz,DEM,1,ICESat,930,0,1,2,7,33,2500000000,200000,,
4403,24_19_2_2_2m_v3.0,24_19,-9999,2,"July 28, 2018",http://data.pgc.umn.edu/elev/dem/setsm/ArcticDEM/mosaic/v3.0/2m/24_19/24_19_2_2_2m_v3.0.tar.gz,DEM,1,ICESat,930,0,1,2,7,33,2500000000,200000,,
3169,24_20_1_1_2m_v3.0,24_20,-9999,2,"May 21, 2018",http://data.pgc.umn.edu/elev/dem/setsm/ArcticDEM/mosaic/v3.0/2m/24_20/24_20_1_1_2m_v3.0.tar.gz,DEM,0.9981872,ICESat,926,0,1,2,7,40,2500000000,200000,,
3171,24_20_1_2_2m_v3.0,24_20,-9999,2,"May 21, 2018",http://data.pgc.umn.edu/elev/dem/setsm/ArcticDEM/mosaic/v3.0/2m/24_20/24_20_1_2_2m_v3.0.tar.gz,DEM,0.99955186,ICESat,926,0,1,2,7,40,2500000000,200000,,
3170,24_20_2_1_2m_v3.0,24_20,-9999,2,"May 21, 2018",http://data.pgc.umn.edu/elev/dem/setsm/ArcticDEM/mosaic/v3.0/2m/24_20/24_20_2_1_2m_v3.0.tar.gz,DEM,1,ICESat,926,0,1,2,7,40,2500000000,200000,,
3168,24_20_2_2_2m_v3.0,24_20,-9999,2,"May 21, 2018",http://data.pgc.umn.edu/elev/dem/setsm/ArcticDEM/mosaic/v3.0/2m/24_20/24_20_2_2_2m_v3.0.tar.gz,DEM,1,ICESat,926,0,1,2,7,40,2500000000,200000,,
8789,24_21_1_1_2m_v3.0,24_21,-9999,2,"July 7, 2018",http://data.pgc.umn.edu/elev/dem/setsm/ArcticDEM/mosaic/v3.0/2m/24_21/24_21_1_1_2m_v3.0.tar.gz,DEM,0.99092326,ICESat,943,0,1,2,7,39,2500000000,200000,,
8790,24_21_1_2_2m_v3.0,24_21,-9999,2,"July 7, 2018",http://data.pgc.umn.edu/elev/dem/setsm/ArcticDEM/mosaic/v3.0/2m/24_21/24_21_1_2_2m_v3.0.tar.gz,DEM,0.99990773,ICESat,943,0,1,2,7,39,2500000000,200000,,
8787,24_21_2_1_2m_v3.0,24_21,-9999,2,"July 7, 2018",http://data.pgc.umn.edu/elev/dem/setsm/ArcticDEM/mosaic/v3.0/2m/24_21/24_21_2_1_2m_v3.0.tar.gz,DEM,0.98778233,ICESat,943,0,1,2,7,39,2500000000,200000,,
8788,24_21_2_2_2m_v3.0,24_21,-9999,2,"July 7, 2018",http://data.pgc.umn.edu/elev/dem/setsm/ArcticDEM/mosaic/v3.0/2m/24_21/24_21_2_2_2m_v3.0.tar.gz,DEM,0.99976899,ICESat,943,0,1,2,7,39,2500000000,200000,,
2130,25_11_1_2_2m_v3.0,25_11,-9999,2,"July 17, 2018",http://data.pgc.umn.edu/elev/dem/setsm/ArcticDEM/mosaic/v3.0/2m/25_11/25_11_1_2_2m_v3.0.tar.gz,DEM,0.13039146,ICESat,893,-0.007,1,2,7,24,2500000000,200000,,
2131,25_11_2_1_2m_v3.0,25_11,-9999,2,"July 17, 2018",http://data.pgc.umn.edu/elev/dem/setsm/ArcticDEM/mosaic/v3.0/2m/25_11/25_11_2_1_2m_v3.0.tar.gz,DEM,0.61516399,ICESat,893,-0.007,1,2,7,24,2500000000,200000,,
2132,25_11_2_2_2m_v3.0,25_11,-9999,2,"July 17, 2018",http://data.pgc.umn.edu/elev/dem/setsm/ArcticDEM/mosaic/v3.0/2m/25_11/25_11_2_2_2m_v3.0.tar.gz,DEM,0.9906018,ICESat,893,-0.007,1,2,7,24,2500000000,200000,,
6673,25_12_1_1_2m_v3.0,25_12,-9999,2,"May 25, 2018",http://data.pgc.umn.edu/elev/dem/setsm/ArcticDEM/mosaic/v3.0/2m/25_12/25_12_1_1_2m_v3.0.tar.gz,DEM,0.99977645,ICESat,939,0.002,1,2,7,33,2500000000,200000,,
6675,25_12_1_2_2m_v3.0,25_12,-9999,2,"May 25, 2018",http://data.pgc.umn.edu/elev/dem/setsm/ArcticDEM/mosaic/v3.0/2m/25_12/25_12_1_2_2m_v3.0.tar.gz,DEM,0.99839079,ICESat,939,0.002,1,2,7,33,2500000000,200000,,
6674,25_12_2_1_2m_v3.0,25_12,-9999,2,"May 25, 2018",http://data.pgc.umn.edu/elev/dem/setsm/ArcticDEM/mosaic/v3.0/2m/25_12/25_12_2_1_2m_v3.0.tar.gz,DEM,1,ICESat,939,0.002,1,2,7,33,2500000000,200000,,
6676,25_12_2_2_2m_v3.0,25_12,-9999,2,"May 25, 2018",http://data.pgc.umn.edu/elev/dem/setsm/ArcticDEM/mosaic/v3.0/2m/25_12/25_12_2_2_2m_v3.0.tar.gz,DEM,0.98885304,ICESat,939,0.002,1,2,7,33,2500000000,200000,,
7143,25_13_1_1_2m_v3.0,25_13,-9999,2,"July 28, 2018",http://data.pgc.umn.edu/elev/dem/setsm/ArcticDEM/mosaic/v3.0/2m/25_13/25_13_1_1_2m_v3.0.tar.gz,DEM,1,ICESat,932,0,1,2,7,31,2500000000,200000,,
7145,25_13_1_2_2m_v3.0,25_13,-9999,2,"July 28, 2018",http://data.pgc.umn.edu/elev/dem/setsm/ArcticDEM/mosaic/v3.0/2m/25_13/25_13_1_2_2m_v3.0.tar.gz,DEM,0.99944192,ICESat,932,0,1,2,7,31,2500000000,200000,,
7144,25_13_2_1_2m_v3.0,25_13,-9999,2,"July 28, 2018",http://data.pgc.umn.edu/elev/dem/setsm/ArcticDEM/mosaic/v3.0/2m/25_13/25_13_2_1_2m_v3.0.tar.gz,DEM,0.99992148,ICESat,932,0,1,2,7,31,2500000000,200000,,
7142,25_13_2_2_2m_v3.0,25_13,-9999,2,"July 28, 2018",http://data.pgc.umn.edu/elev/dem/setsm/ArcticDEM/mosaic/v3.0/2m/25_13/25_13_2_2_2m_v3.0.tar.gz,DEM,0.99993824,ICESat,932,0,1,2,7,31,2500000000,200000,,
7824,25_14_1_1_2m_v3.0,25_14,-9999,2,"July 6, 2018",http://data.pgc.umn.edu/elev/dem/setsm/ArcticDEM/mosaic/v3.0/2m/25_14/25_14_1_1_2m_v3.0.tar.gz,DEM,0.9887792,ICESat,876,-0.002,1,2,7,40,2500000000,200000,,
7826,25_14_1_2_2m_v3.0,25_14,-9999,2,"July 6, 2018",http://data.pgc.umn.edu/elev/dem/setsm/ArcticDEM/mosaic/v3.0/2m/25_14/25_14_1_2_2m_v3.0.tar.gz,DEM,0.99852757,ICESat,876,-0.002,1,2,7,40,2500000000,200000,,
7827,25_14_2_1_2m_v3.0,25_14,-9999,2,"July 6, 2018",http://data.pgc.umn.edu/elev/dem/setsm/ArcticDEM/mosaic/v3.0/2m/25_14/25_14_2_1_2m_v3.0.tar.gz,DEM,0.97788021,ICESat,876,-0.002,1,2,7,40,2500000000,200000,,
7825,25_14_2_2_2m_v3.0,25_14,-9999,2,"July 6, 2018",http://data.pgc.umn.edu/elev/dem/setsm/ArcticDEM/mosaic/v3.0/2m/25_14/25_14_2_2_2m_v3.0.tar.gz,DEM,0.99939156,ICESat,876,-0.002,1,2,7,40,2500000000,200000,,
5017,25_15_1_1_2m_v3.0,25_15,-9999,2,"July 17, 2018",http://data.pgc.umn.edu/elev/dem/setsm/ArcticDEM/mosaic/v3.0/2m/25_15/25_15_1_1_2m_v3.0.tar.gz,DEM,0.99857076,ICESat,935,0,1,2,7,41,2500000000,200000,,
5018,25_15_1_2_2m_v3.0,25_15,-9999,2,"July 17, 2018",http://data.pgc.umn.edu/elev/dem/setsm/ArcticDEM/mosaic/v3.0/2m/25_15/25_15_1_2_2m_v3.0.tar.gz,DEM,0.99662188,ICESat,935,0,1,2,7,41,2500000000,200000,,
5015,25_15_2_1_2m_v3.0,25_15,-9999,2,"July 17, 2018",http://data.pgc.umn.edu/elev/dem/setsm/ArcticDEM/mosaic/v3.0/2m/25_15/25_15_2_1_2m_v3.0.tar.gz,DEM,1,ICESat,935,0,1,2,7,41,2500000000,200000,,
5016,25_15_2_2_2m_v3.0,25_15,-9999,2,"July 17, 2018",http://data.pgc.umn.edu/elev/dem/setsm/ArcticDEM/mosaic/v3.0/2m/25_15/25_15_2_2_2m_v3.0.tar.gz,DEM,0.99123727,ICESat,935,0,1,2,7,41,2500000000,200000,,
8291,25_16_1_1_2m_v3.0,25_16,-9999,2,"July 28, 2018",http://data.pgc.umn.edu/elev/dem/setsm/ArcticDEM/mosaic/v3.0/2m/25_16/25_16_1_1_2m_v3.0.tar.gz,DEM,1,ICESat,874,-0.003,1,2,7,27,2500000000,200000,,
8292,25_16_1_2_2m_v3.0,25_16,-9999,2,"July 28, 2018",http://data.pgc.umn.edu/elev/dem/setsm/ArcticDEM/mosaic/v3.0/2m/25_16/25_16_1_2_2m_v3.0.tar.gz,DEM,0.97407217,ICESat,874,-0.003,1,2,7,27,2500000000,200000,,
8289,25_16_2_1_2m_v3.0,25_16,-9999,2,"July 28, 2018",http://data.pgc.umn.edu/elev/dem/setsm/ArcticDEM/mosaic/v3.0/2m/25_16/25_16_2_1_2m_v3.0.tar.gz,DEM,0.99973824,ICESat,874,-0.003,1,2,7,27,2500000000,200000,,
8290,25_16_2_2_2m_v3.0,25_16,-9999,2,"July 28, 2018",http://data.pgc.umn.edu/elev/dem/setsm/ArcticDEM/mosaic/v3.0/2m/25_16/25_16_2_2_2m_v3.0.tar.gz,DEM,0.99877492,ICESat,874,-0.003,1,2,7,27,2500000000,200000,,
8854,25_17_1_1_2m_v3.0,25_17,-9999,2,"August 3, 2018",http://data.pgc.umn.edu/elev/dem/setsm/ArcticDEM/mosaic/v3.0/2m/25_17/25_17_1_1_2m_v3.0.tar.gz,DEM,0.99945367,ICESat,947,-0.003,1,2,7,37,2500000000,200000,,
8853,25_17_1_2_2m_v3.0,25_17,-9999,2,"August 3, 2018",http://data.pgc.umn.edu/elev/dem/setsm/ArcticDEM/mosaic/v3.0/2m/25_17/25_17_1_2_2m_v3.0.tar.gz,DEM,0.99995571,ICESat,947,-0.003,1,2,7,37,2500000000,200000,,
8855,25_17_2_1_2m_v3.0,25_17,-9999,2,"August 3, 2018",http://data.pgc.umn.edu/elev/dem/setsm/ArcticDEM/mosaic/v3.0/2m/25_17/25_17_2_1_2m_v3.0.tar.gz,DEM,0.96096756,ICESat,947,-0.003,1,2,7,37,2500000000,200000,,
8852,25_17_2_2_2m_v3.0,25_17,-9999,2,"August 3, 2018",http://data.pgc.umn.edu/elev/dem/setsm/ArcticDEM/mosaic/v3.0/2m/25_17/25_17_2_2_2m_v3.0.tar.gz,DEM,0.99978599,ICESat,947,-0.003,1,2,7,37,2500000000,200000,,
6484,25_18_1_1_2m_v3.0,25_18,-9999,2,"May 26, 2018",http://data.pgc.umn.edu/elev/dem/setsm/ArcticDEM/mosaic/v3.0/2m/25_18/25_18_1_1_2m_v3.0.tar.gz,DEM,0.95855372,ICESat,916,0,1,2,7,35,2500000000,200000,,
6485,25_18_1_2_2m_v3.0,25_18,-9999,2,"May 26, 2018",http://data.pgc.umn.edu/elev/dem/setsm/ArcticDEM/mosaic/v3.0/2m/25_18/25_18_1_2_2m_v3.0.tar.gz,DEM,0.9999631,ICESat,916,0,1,2,7,35,2500000000,200000,,
6482,25_18_2_1_2m_v3.0,25_18,-9999,2,"May 26, 2018",http://data.pgc.umn.edu/elev/dem/setsm/ArcticDEM/mosaic/v3.0/2m/25_18/25_18_2_1_2m_v3.0.tar.gz,DEM,0.99920431,ICESat,916,0,1,2,7,35,2500000000,200000,,
6483,25_18_2_2_2m_v3.0,25_18,-9999,2,"May 26, 2018",http://data.pgc.umn.edu/elev/dem/setsm/ArcticDEM/mosaic/v3.0/2m/25_18/25_18_2_2_2m_v3.0.tar.gz,DEM,1,ICESat,916,0,1,2,7,35,2500000000,200000,,
2271,25_19_1_1_2m_v3.0,25_19,-9999,2,"May 21, 2018",http://data.pgc.umn.edu/elev/dem/setsm/ArcticDEM/mosaic/v3.0/2m/25_19/25_19_1_1_2m_v3.0.tar.gz,DEM,1,ICESat,955,0,1,2,7,37,2500000000,200000,,
2269,25_19_1_2_2m_v3.0,25_19,-9999,2,"May 21, 2018",http://data.pgc.umn.edu/elev/dem/setsm/ArcticDEM/mosaic/v3.0/2m/25_19/25_19_1_2_2m_v3.0.tar.gz,DEM,1,ICESat,955,0,1,2,7,37,2500000000,200000,,
2270,25_19_2_1_2m_v3.0,25_19,-9999,2,"May 21, 2018",http://data.pgc.umn.edu/elev/dem/setsm/ArcticDEM/mosaic/v3.0/2m/25_19/25_19_2_1_2m_v3.0.tar.gz,DEM,1,ICESat,955,0,1,2,7,37,2500000000,200000,,
2268,25_19_2_2_2m_v3.0,25_19,-9999,2,"May 21, 2018",http://data.pgc.umn.edu/elev/dem/setsm/ArcticDEM/mosaic/v3.0/2m/25_19/25_19_2_2_2m_v3.0.tar.gz,DEM,0.97134652,ICESat,955,0,1,2,7,37,2500000000,200000,,
4961,25_20_1_1_2m_v3.0,25_20,-9999,2,"May 22, 2018",http://data.pgc.umn.edu/elev/dem/setsm/ArcticDEM/mosaic/v3.0/2m/25_20/25_20_1_1_2m_v3.0.tar.gz,DEM,1,ICESat,924,0.006,1,2,7,41,2500000000,200000,,
4960,25_20_1_2_2m_v3.0,25_20,-9999,2,"May 22, 2018",http://data.pgc.umn.edu/elev/dem/setsm/ArcticDEM/mosaic/v3.0/2m/25_20/25_20_1_2_2m_v3.0.tar.gz,DEM,0.99908509,ICESat,924,0.006,1,2,7,41,2500000000,200000,,
4958,25_20_2_1_2m_v3.0,25_20,-9999,2,"May 22, 2018",http://data.pgc.umn.edu/elev/dem/setsm/ArcticDEM/mosaic/v3.0/2m/25_20/25_20_2_1_2m_v3.0.tar.gz,DEM,1,ICESat,924,0.006,1,2,7,41,2500000000,200000,,
4959,25_20_2_2_2m_v3.0,25_20,-9999,2,"May 22, 2018",http://data.pgc.umn.edu/elev/dem/setsm/ArcticDEM/mosaic/v3.0/2m/25_20/25_20_2_2_2m_v3.0.tar.gz,DEM,0.99994585,ICESat,924,0.006,1,2,7,41,2500000000,200000,,
4673,25_21_1_1_2m_v3.0,25_21,-9999,2,"May 21, 2018",http://data.pgc.umn.edu/elev/dem/setsm/ArcticDEM/mosaic/v3.0/2m/25_21/25_21_1_1_2m_v3.0.tar.gz,DEM,0.99582079,ICESat,902,0,1,2,7,38,2500000000,200000,,
4674,25_21_1_2_2m_v3.0,25_21,-9999,2,"May 21, 2018",http://data.pgc.umn.edu/elev/dem/setsm/ArcticDEM/mosaic/v3.0/2m/25_21/25_21_1_2_2m_v3.0.tar.gz,DEM,0.99732158,ICESat,902,0,1,2,7,38,2500000000,200000,,
4672,25_21_2_1_2m_v3.0,25_21,-9999,2,"May 21, 2018",http://data.pgc.umn.edu/elev/dem/setsm/ArcticDEM/mosaic/v3.0/2m/25_21/25_21_2_1_2m_v3.0.tar.gz,DEM,0.96000528,ICESat,902,0,1,2,7,38,2500000000,200000,,
4671,25_21_2_2_2m_v3.0,25_21,-9999,2,"May 21, 2018",http://data.pgc.umn.edu/elev/dem/setsm/ArcticDEM/mosaic/v3.0/2m/25_21/25_21_2_2_2m_v3.0.tar.gz,DEM,0.99430734,ICESat,902,0,1,2,7,38,2500000000,200000,,
5895,25_22_1_2_2m_v3.0,25_22,-9999,2,"July 7, 2018",http://data.pgc.umn.edu/elev/dem/setsm/ArcticDEM/mosaic/v3.0/2m/25_22/25_22_1_2_2m_v3.0.tar.gz,DEM,0.99776338,ICESat,871,-0.004,1,2,7,42,2500000000,200000,,
7299,26_11_2_1_2m_v3.0,26_11,-9999,2,"May 26, 2018",http://data.pgc.umn.edu/elev/dem/setsm/ArcticDEM/mosaic/v3.0/2m/26_11/26_11_2_1_2m_v3.0.tar.gz,DEM,0.9998868,ICESat,900,0,1,2,7,30,2500000000,200000,,
7300,26_11_2_2_2m_v3.0,26_11,-9999,2,"May 26, 2018",http://data.pgc.umn.edu/elev/dem/setsm/ArcticDEM/mosaic/v3.0/2m/26_11/26_11_2_2_2m_v3.0.tar.gz,DEM,0.99789995,ICESat,900,0,1,2,7,30,2500000000,200000,,
4209,26_12_1_1_2m_v3.0,26_12,-9999,2,"May 26, 2018",http://data.pgc.umn.edu/elev/dem/setsm/ArcticDEM/mosaic/v3.0/2m/26_12/26_12_1_1_2m_v3.0.tar.gz,DEM,0.99971356,ICESat,866,0.005,1,2,7,50,2500000000,200000,,
4207,26_12_1_2_2m_v3.0,26_12,-9999,2,"May 26, 2018",http://data.pgc.umn.edu/elev/dem/setsm/ArcticDEM/mosaic/v3.0/2m/26_12/26_12_1_2_2m_v3.0.tar.gz,DEM,0.9992428,ICESat,866,0.005,1,2,7,50,2500000000,200000,,
4208,26_12_2_1_2m_v3.0,26_12,-9999,2,"May 26, 2018",http://data.pgc.umn.edu/elev/dem/setsm/ArcticDEM/mosaic/v3.0/2m/26_12/26_12_2_1_2m_v3.0.tar.gz,DEM,0.99449459,ICESat,866,0.005,1,2,7,50,2500000000,200000,,
4206,26_12_2_2_2m_v3.0,26_12,-9999,2,"May 26, 2018",http://data.pgc.umn.edu/elev/dem/setsm/ArcticDEM/mosaic/v3.0/2m/26_12/26_12_2_2_2m_v3.0.tar.gz,DEM,0.99630881,ICESat,866,0.005,1,2,7,50,2500000000,200000,,
647,26_13_1_1_2m_v3.0,26_13,-9999,2,"August 15, 2018",http://data.pgc.umn.edu/elev/dem/setsm/ArcticDEM/mosaic/v3.0/2m/26_13/26_13_1_1_2m_v3.0.tar.gz,DEM,0.96845741,ICESat,858,0.002,1,2,7,41,2500000000,200000,,
650,26_13_1_2_2m_v3.0,26_13,-9999,2,"August 15, 2018",http://data.pgc.umn.edu/elev/dem/setsm/ArcticDEM/mosaic/v3.0/2m/26_13/26_13_1_2_2m_v3.0.tar.gz,DEM,0.99508284,ICESat,858,0.002,1,2,7,41,2500000000,200000,,
649,26_13_2_1_2m_v3.0,26_13,-9999,2,"August 15, 2018",http://data.pgc.umn.edu/elev/dem/setsm/ArcticDEM/mosaic/v3.0/2m/26_13/26_13_2_1_2m_v3.0.tar.gz,DEM,0.86698735,ICESat,858,0.002,1,2,7,41,2500000000,200000,,
648,26_13_2_2_2m_v3.0,26_13,-9999,2,"August 15, 2018",http://data.pgc.umn.edu/elev/dem/setsm/ArcticDEM/mosaic/v3.0/2m/26_13/26_13_2_2_2m_v3.0.tar.gz,DEM,0.99986989,ICESat,858,0.002,1,2,7,41,2500000000,200000,,
7888,26_14_1_1_2m_v3.0,26_14,-9999,2,"May 26, 2018",http://data.pgc.umn.edu/elev/dem/setsm/ArcticDEM/mosaic/v3.0/2m/26_14/26_14_1_1_2m_v3.0.tar.gz,DEM,0.97792491,ICESat,965,0.001,1,2,7,38,2500000000,200000,,
7885,26_14_1_2_2m_v3.0,26_14,-9999,2,"May 26, 2018",http://data.pgc.umn.edu/elev/dem/setsm/ArcticDEM/mosaic/v3.0/2m/26_14/26_14_1_2_2m_v3.0.tar.gz,DEM,0.87984131,ICESat,965,0.001,1,2,7,38,2500000000,200000,,
7887,26_14_2_1_2m_v3.0,26_14,-9999,2,"May 26, 2018",http://data.pgc.umn.edu/elev/dem/setsm/ArcticDEM/mosaic/v3.0/2m/26_14/26_14_2_1_2m_v3.0.tar.gz,DEM,0.99454745,ICESat,965,0.001,1,2,7,38,2500000000,200000,,
7886,26_14_2_2_2m_v3.0,26_14,-9999,2,"May 26, 2018",http://data.pgc.umn.edu/elev/dem/setsm/ArcticDEM/mosaic/v3.0/2m/26_14/26_14_2_2_2m_v3.0.tar.gz,DEM,0.99454512,ICESat,965,0.001,1,2,7,38,2500000000,200000,,
7489,26_15_1_1_2m_v3.0,26_15,-9999,2,"May 26, 2018",http://data.pgc.umn.edu/elev/dem/setsm/ArcticDEM/mosaic/v3.0/2m/26_15/26_15_1_1_2m_v3.0.tar.gz,DEM,0.99198873,ICESat,941,0.002,1,2,7,36,2500000000,200000,,
7488,26_15_1_2_2m_v3.0,26_15,-9999,2,"May 26, 2018",http://data.pgc.umn.edu/elev/dem/setsm/ArcticDEM/mosaic/v3.0/2m/26_15/26_15_1_2_2m_v3.0.tar.gz,DEM,1,ICESat,941,0.002,1,2,7,36,2500000000,200000,,
7490,26_15_2_1_2m_v3.0,26_15,-9999,2,"May 26, 2018",http://data.pgc.umn.edu/elev/dem/setsm/ArcticDEM/mosaic/v3.0/2m/26_15/26_15_2_1_2m_v3.0.tar.gz,DEM,0.98084871,ICESat,941,0.002,1,2,7,36,2500000000,200000,,
7487,26_15_2_2_2m_v3.0,26_15,-9999,2,"May 26, 2018",http://data.pgc.umn.edu/elev/dem/setsm/ArcticDEM/mosaic/v3.0/2m/26_15/26_15_2_2_2m_v3.0.tar.gz,DEM,1,ICESat,941,0.002,1,2,7,36,2500000000,200000,,
2930,26_16_1_1_2m_v3.0,26_16,-9999,2,"July 18, 2018",http://data.pgc.umn.edu/elev/dem/setsm/ArcticDEM/mosaic/v3.0/2m/26_16/26_16_1_1_2m_v3.0.tar.gz,DEM,0.99946489,ICESat,887,0.006,1,2,7,37,2500000000,200000,,
2929,26_16_1_2_2m_v3.0,26_16,-9999,2,"July 18, 2018",http://data.pgc.umn.edu/elev/dem/setsm/ArcticDEM/mosaic/v3.0/2m/26_16/26_16_1_2_2m_v3.0.tar.gz,DEM,0.99978737,ICESat,887,0.006,1,2,7,37,2500000000,200000,,
2932,26_16_2_1_2m_v3.0,26_16,-9999,2,"July 18, 2018",http://data.pgc.umn.edu/elev/dem/setsm/ArcticDEM/mosaic/v3.0/2m/26_16/26_16_2_1_2m_v3.0.tar.gz,DEM,0.99990317,ICESat,887,0.006,1,2,7,37,2500000000,200000,,
2931,26_16_2_2_2m_v3.0,26_16,-9999,2,"July 18, 2018",http://data.pgc.umn.edu/elev/dem/setsm/ArcticDEM/mosaic/v3.0/2m/26_16/26_16_2_2_2m_v3.0.tar.gz,DEM,1,ICESat,887,0.006,1,2,7,37,2500000000,200000,,
1999,26_17_1_1_2m_v3.0,26_17,-9999,2,"May 26, 2018",http://data.pgc.umn.edu/elev/dem/setsm/ArcticDEM/mosaic/v3.0/2m/26_17/26_17_1_1_2m_v3.0.tar.gz,DEM,1,ICESat,958,0,1,2,7,37,2500000000,200000,,
1998,26_17_1_2_2m_v3.0,26_17,-9999,2,"May 26, 2018",http://data.pgc.umn.edu/elev/dem/setsm/ArcticDEM/mosaic/v3.0/2m/26_17/26_17_1_2_2m_v3.0.tar.gz,DEM,1,ICESat,958,0,1,2,7,37,2500000000,200000,,
1997,26_17_2_1_2m_v3.0,26_17,-9999,2,"May 26, 2018",http://data.pgc.umn.edu/elev/dem/setsm/ArcticDEM/mosaic/v3.0/2m/26_17/26_17_2_1_2m_v3.0.tar.gz,DEM,0.99973883,ICESat,958,0,1,2,7,37,2500000000,200000,,
2000,26_17_2_2_2m_v3.0,26_17,-9999,2,"May 26, 2018",http://data.pgc.umn.edu/elev/dem/setsm/ArcticDEM/mosaic/v3.0/2m/26_17/26_17_2_2_2m_v3.0.tar.gz,DEM,0.99976939,ICESat,958,0,1,2,7,37,2500000000,200000,,
857,26_18_1_1_2m_v3.0,26_18,-9999,2,"May 22, 2018",http://data.pgc.umn.edu/elev/dem/setsm/ArcticDEM/mosaic/v3.0/2m/26_18/26_18_1_1_2m_v3.0.tar.gz,DEM,1,ICESat,966,0,1,2,7,44,2500000000,200000,,
856,26_18_1_2_2m_v3.0,26_18,-9999,2,"May 22, 2018",http://data.pgc.umn.edu/elev/dem/setsm/ArcticDEM/mosaic/v3.0/2m/26_18/26_18_1_2_2m_v3.0.tar.gz,DEM,0.99988711,ICESat,966,0,1,2,7,44,2500000000,200000,,
858,26_18_2_1_2m_v3.0,26_18,-9999,2,"May 22, 2018",http://data.pgc.umn.edu/elev/dem/setsm/ArcticDEM/mosaic/v3.0/2m/26_18/26_18_2_1_2m_v3.0.tar.gz,DEM,0.99999992,ICESat,966,0,1,2,7,44,2500000000,200000,,
859,26_18_2_2_2m_v3.0,26_18,-9999,2,"May 22, 2018",http://data.pgc.umn.edu/elev/dem/setsm/ArcticDEM/mosaic/v3.0/2m/26_18/26_18_2_2_2m_v3.0.tar.gz,DEM,0.99995973,ICESat,966,0,1,2,7,44,2500000000,200000,,
7743,26_19_1_1_2m_v3.0,26_19,-9999,2,"July 7, 2018",http://data.pgc.umn.edu/elev/dem/setsm/ArcticDEM/mosaic/v3.0/2m/26_19/26_19_1_1_2m_v3.0.tar.gz,DEM,1,ICESat,828,-0.001,1,2,7,39,2500000000,200000,,
7742,26_19_1_2_2m_v3.0,26_19,-9999,2,"July 7, 2018",http://data.pgc.umn.edu/elev/dem/setsm/ArcticDEM/mosaic/v3.0/2m/26_19/26_19_1_2_2m_v3.0.tar.gz,DEM,1,ICESat,828,-0.001,1,2,7,39,2500000000,200000,,
7741,26_19_2_1_2m_v3.0,26_19,-9999,2,"July 7, 2018",http://data.pgc.umn.edu/elev/dem/setsm/ArcticDEM/mosaic/v3.0/2m/26_19/26_19_2_1_2m_v3.0.tar.gz,DEM,0.99096364,ICESat,828,-0.001,1,2,7,39,2500000000,200000,,
7740,26_19_2_2_2m_v3.0,26_19,-9999,2,"July 7, 2018",http://data.pgc.umn.edu/elev/dem/setsm/ArcticDEM/mosaic/v3.0/2m/26_19/26_19_2_2_2m_v3.0.tar.gz,DEM,1,ICESat,828,-0.001,1,2,7,39,2500000000,200000,,
7930,26_20_1_1_2m_v3.0,26_20,-9999,2,"July 7, 2018",http://data.pgc.umn.edu/elev/dem/setsm/ArcticDEM/mosaic/v3.0/2m/26_20/26_20_1_1_2m_v3.0.tar.gz,DEM,0.98263988,ICESat,946,-0.001,1,2,7,53,2500000000,200000,,
7931,26_20_1_2_2m_v3.0,26_20,-9999,2,"July 7, 2018",http://data.pgc.umn.edu/elev/dem/setsm/ArcticDEM/mosaic/v3.0/2m/26_20/26_20_1_2_2m_v3.0.tar.gz,DEM,0.99928344,ICESat,946,-0.001,1,2,7,53,2500000000,200000,,
7932,26_20_2_1_2m_v3.0,26_20,-9999,2,"July 7, 2018",http://data.pgc.umn.edu/elev/dem/setsm/ArcticDEM/mosaic/v3.0/2m/26_20/26_20_2_1_2m_v3.0.tar.gz,DEM,0.99972999,ICESat,946,-0.001,1,2,7,53,2500000000,200000,,
7933,26_20_2_2_2m_v3.0,26_20,-9999,2,"July 7, 2018",http://data.pgc.umn.edu/elev/dem/setsm/ArcticDEM/mosaic/v3.0/2m/26_20/26_20_2_2_2m_v3.0.tar.gz,DEM,0.99974998,ICESat,946,-0.001,1,2,7,53,2500000000,200000,,
9064,26_21_1_1_2m_v3.0,26_21,-9999,2,"May 22, 2018",http://data.pgc.umn.edu/elev/dem/setsm/ArcticDEM/mosaic/v3.0/2m/26_21/26_21_1_1_2m_v3.0.tar.gz,DEM,0.99996544,ICESat,837,-0.002,1,2,7,38,2500000000,200000,,
9062,26_21_1_2_2m_v3.0,26_21,-9999,2,"May 22, 2018",http://data.pgc.umn.edu/elev/dem/setsm/ArcticDEM/mosaic/v3.0/2m/26_21/26_21_1_2_2m_v3.0.tar.gz,DEM,0.97439616,ICESat,837,-0.002,1,2,7,38,2500000000,200000,,
9063,26_21_2_1_2m_v3.0,26_21,-9999,2,"May 22, 2018",http://data.pgc.umn.edu/elev/dem/setsm/ArcticDEM/mosaic/v3.0/2m/26_21/26_21_2_1_2m_v3.0.tar.gz,DEM,0.99604129,ICESat,837,-0.002,1,2,7,38,2500000000,200000,,
9065,26_21_2_2_2m_v3.0,26_21,-9999,2,"May 22, 2018",http://data.pgc.umn.edu/elev/dem/setsm/ArcticDEM/mosaic/v3.0/2m/26_21/26_21_2_2_2m_v3.0.tar.gz,DEM,0.99863387,ICESat,837,-0.002,1,2,7,38,2500000000,200000,,
932,26_22_1_1_2m_v3.0,26_22,-9999,2,"July 7, 2018",http://data.pgc.umn.edu/elev/dem/setsm/ArcticDEM/mosaic/v3.0/2m/26_22/26_22_1_1_2m_v3.0.tar.gz,DEM,0.98862056,ICESat,970,0,1,2,7,33,2500000000,200000,,
931,26_22_1_2_2m_v3.0,26_22,-9999,2,"July 7, 2018",http://data.pgc.umn.edu/elev/dem/setsm/ArcticDEM/mosaic/v3.0/2m/26_22/26_22_1_2_2m_v3.0.tar.gz,DEM,0.91023757,ICESat,970,0,1,2,7,33,2500000000,200000,,
1880,27_11_2_1_2m_v3.0,27_11,-9999,2,"May 26, 2018",http://data.pgc.umn.edu/elev/dem/setsm/ArcticDEM/mosaic/v3.0/2m/27_11/27_11_2_1_2m_v3.0.tar.gz,DEM,0.98886598,ICESat,802,0,1,2,7,49,2500000000,200000,,
1878,27_11_2_2_2m_v3.0,27_11,-9999,2,"May 26, 2018",http://data.pgc.umn.edu/elev/dem/setsm/ArcticDEM/mosaic/v3.0/2m/27_11/27_11_2_2_2m_v3.0.tar.gz,DEM,0.97687564,ICESat,802,0,1,2,7,49,2500000000,200000,,
1860,27_12_1_1_2m_v3.0,27_12,-9999,2,"July 18, 2018",http://data.pgc.umn.edu/elev/dem/setsm/ArcticDEM/mosaic/v3.0/2m/27_12/27_12_1_1_2m_v3.0.tar.gz,DEM,0.98728103,ICESat,853,0,1,2,7,41,2500000000,200000,,
1861,27_12_1_2_2m_v3.0,27_12,-9999,2,"July 18, 2018",http://data.pgc.umn.edu/elev/dem/setsm/ArcticDEM/mosaic/v3.0/2m/27_12/27_12_1_2_2m_v3.0.tar.gz,DEM,0.93014407,ICESat,853,0,1,2,7,41,2500000000,200000,,
1863,27_12_2_1_2m_v3.0,27_12,-9999,2,"July 18, 2018",http://data.pgc.umn.edu/elev/dem/setsm/ArcticDEM/mosaic/v3.0/2m/27_12/27_12_2_1_2m_v3.0.tar.gz,DEM,0.98816239,ICESat,853,0,1,2,7,41,2500000000,200000,,
1862,27_12_2_2_2m_v3.0,27_12,-9999,2,"July 18, 2018",http://data.pgc.umn.edu/elev/dem/setsm/ArcticDEM/mosaic/v3.0/2m/27_12/27_12_2_2_2m_v3.0.tar.gz,DEM,0.99119776,ICESat,853,0,1,2,7,41,2500000000,200000,,
5593,27_13_1_1_2m_v3.0,27_13,-9999,2,"May 26, 2018",http://data.pgc.umn.edu/elev/dem/setsm/ArcticDEM/mosaic/v3.0/2m/27_13/27_13_1_1_2m_v3.0.tar.gz,DEM,0.9949822,ICESat,905,0.002,1,2,7,46,2500000000,200000,,
5592,27_13_1_2_2m_v3.0,27_13,-9999,2,"May 26, 2018",http://data.pgc.umn.edu/elev/dem/setsm/ArcticDEM/mosaic/v3.0/2m/27_13/27_13_1_2_2m_v3.0.tar.gz,DEM,0.99471665,ICESat,905,0.002,1,2,7,46,2500000000,200000,,
5590,27_13_2_1_2m_v3.0,27_13,-9999,2,"May 26, 2018",http://data.pgc.umn.edu/elev/dem/setsm/ArcticDEM/mosaic/v3.0/2m/27_13/27_13_2_1_2m_v3.0.tar.gz,DEM,0.99538891,ICESat,905,0.002,1,2,7,46,2500000000,200000,,
5591,27_13_2_2_2m_v3.0,27_13,-9999,2,"May 26, 2018",http://data.pgc.umn.edu/elev/dem/setsm/ArcticDEM/mosaic/v3.0/2m/27_13/27_13_2_2_2m_v3.0.tar.gz,DEM,0.99649747,ICESat,905,0.002,1,2,7,46,2500000000,200000,,
5160,27_14_1_1_2m_v3.0,27_14,-9999,2,"July 18, 2018",http://data.pgc.umn.edu/elev/dem/setsm/ArcticDEM/mosaic/v3.0/2m/27_14/27_14_1_1_2m_v3.0.tar.gz,DEM,0.9998002,ICESat,898,-0.004,1,2,7,38,2500000000,200000,,
5159,27_14_1_2_2m_v3.0,27_14,-9999,2,"July 18, 2018",http://data.pgc.umn.edu/elev/dem/setsm/ArcticDEM/mosaic/v3.0/2m/27_14/27_14_1_2_2m_v3.0.tar.gz,DEM,0.95729189,ICESat,898,-0.004,1,2,7,38,2500000000,200000,,
5157,27_14_2_1_2m_v3.0,27_14,-9999,2,"July 18, 2018",http://data.pgc.umn.edu/elev/dem/setsm/ArcticDEM/mosaic/v3.0/2m/27_14/27_14_2_1_2m_v3.0.tar.gz,DEM,0.87982214,ICESat,898,-0.004,1,2,7,38,2500000000,200000,,
5158,27_14_2_2_2m_v3.0,27_14,-9999,2,"July 18, 2018",http://data.pgc.umn.edu/elev/dem/setsm/ArcticDEM/mosaic/v3.0/2m/27_14/27_14_2_2_2m_v3.0.tar.gz,DEM,0.80639452,ICESat,898,-0.004,1,2,7,38,2500000000,200000,,
2996,27_15_1_1_2m_v3.0,27_15,-9999,2,"July 17, 2018",http://data.pgc.umn.edu/elev/dem/setsm/ArcticDEM/mosaic/v3.0/2m/27_15/27_15_1_1_2m_v3.0.tar.gz,DEM,0.90398794,ICESat,925,0,1,2,7,35,2500000000,200000,,
2995,27_15_1_2_2m_v3.0,27_15,-9999,2,"July 17, 2018",http://data.pgc.umn.edu/elev/dem/setsm/ArcticDEM/mosaic/v3.0/2m/27_15/27_15_1_2_2m_v3.0.tar.gz,DEM,0.83988971,ICESat,925,0,1,2,7,35,2500000000,200000,,
2998,27_15_2_1_2m_v3.0,27_15,-9999,2,"July 17, 2018",http://data.pgc.umn.edu/elev/dem/setsm/ArcticDEM/mosaic/v3.0/2m/27_15/27_15_2_1_2m_v3.0.tar.gz,DEM,0.99360044,ICESat,925,0,1,2,7,35,2500000000,200000,,
2997,27_15_2_2_2m_v3.0,27_15,-9999,2,"July 17, 2018",http://data.pgc.umn.edu/elev/dem/setsm/ArcticDEM/mosaic/v3.0/2m/27_15/27_15_2_2_2m_v3.0.tar.gz,DEM,0.94956679,ICESat,925,0,1,2,7,35,2500000000,200000,,
1689,27_16_1_1_2m_v3.0,27_16,-9999,2,"July 28, 2018",http://data.pgc.umn.edu/elev/dem/setsm/ArcticDEM/mosaic/v3.0/2m/27_16/27_16_1_1_2m_v3.0.tar.gz,DEM,1,ICESat,928,0,1,2,7,33,2500000000,200000,,
1690,27_16_1_2_2m_v3.0,27_16,-9999,2,"July 28, 2018",http://data.pgc.umn.edu/elev/dem/setsm/ArcticDEM/mosaic/v3.0/2m/27_16/27_16_1_2_2m_v3.0.tar.gz,DEM,0.99999956,ICESat,928,0,1,2,7,33,2500000000,200000,,
1692,27_16_2_1_2m_v3.0,27_16,-9999,2,"July 28, 2018",http://data.pgc.umn.edu/elev/dem/setsm/ArcticDEM/mosaic/v3.0/2m/27_16/27_16_2_1_2m_v3.0.tar.gz,DEM,1,ICESat,928,0,1,2,7,33,2500000000,200000,,
1691,27_16_2_2_2m_v3.0,27_16,-9999,2,"July 28, 2018",http://data.pgc.umn.edu/elev/dem/setsm/ArcticDEM/mosaic/v3.0/2m/27_16/27_16_2_2_2m_v3.0.tar.gz,DEM,0.99958821,ICESat,928,0,1,2,7,33,2500000000,200000,,
2054,27_17_1_1_2m_v3.0,27_17,-9999,2,"May 26, 2018",http://data.pgc.umn.edu/elev/dem/setsm/ArcticDEM/mosaic/v3.0/2m/27_17/27_17_1_1_2m_v3.0.tar.gz,DEM,1,ICESat,905,0.001,1,2,7,36,2500000000,200000,,
2057,27_17_1_2_2m_v3.0,27_17,-9999,2,"May 26, 2018",http://data.pgc.umn.edu/elev/dem/setsm/ArcticDEM/mosaic/v3.0/2m/27_17/27_17_1_2_2m_v3.0.tar.gz,DEM,0.99478374,ICESat,905,0.001,1,2,7,36,2500000000,200000,,
2056,27_17_2_1_2m_v3.0,27_17,-9999,2,"May 26, 2018",http://data.pgc.umn.edu/elev/dem/setsm/ArcticDEM/mosaic/v3.0/2m/27_17/27_17_2_1_2m_v3.0.tar.gz,DEM,0.9780333,ICESat,905,0.001,1,2,7,36,2500000000,200000,,
2055,27_17_2_2_2m_v3.0,27_17,-9999,2,"May 26, 2018",http://data.pgc.umn.edu/elev/dem/setsm/ArcticDEM/mosaic/v3.0/2m/27_17/27_17_2_2_2m_v3.0.tar.gz,DEM,1,ICESat,905,0.001,1,2,7,36,2500000000,200000,,
7779,27_18_1_1_2m_v3.0,27_18,-9999,2,"May 22, 2018",http://data.pgc.umn.edu/elev/dem/setsm/ArcticDEM/mosaic/v3.0/2m/27_18/27_18_1_1_2m_v3.0.tar.gz,DEM,0.85666178,ICESat,920,0,1,2,7,45,2500000000,200000,,
7780,27_18_1_2_2m_v3.0,27_18,-9999,2,"May 22, 2018",http://data.pgc.umn.edu/elev/dem/setsm/ArcticDEM/mosaic/v3.0/2m/27_18/27_18_1_2_2m_v3.0.tar.gz,DEM,0.999857,ICESat,920,0,1,2,7,45,2500000000,200000,,
7777,27_18_2_1_2m_v3.0,27_18,-9999,2,"May 22, 2018",http://data.pgc.umn.edu/elev/dem/setsm/ArcticDEM/mosaic/v3.0/2m/27_18/27_18_2_1_2m_v3.0.tar.gz,DEM,0.99723342,ICESat,920,0,1,2,7,45,2500000000,200000,,
7778,27_18_2_2_2m_v3.0,27_18,-9999,2,"May 22, 2018",http://data.pgc.umn.edu/elev/dem/setsm/ArcticDEM/mosaic/v3.0/2m/27_18/27_18_2_2_2m_v3.0.tar.gz,DEM,0.99925224,ICESat,920,0,1,2,7,45,2500000000,200000,,
7114,27_19_1_1_2m_v3.0,27_19,-9999,2,"May 22, 2018",http://data.pgc.umn.edu/elev/dem/setsm/ArcticDEM/mosaic/v3.0/2m/27_19/27_19_1_1_2m_v3.0.tar.gz,DEM,0.99929008,ICESat,917,0,1,2,7,49,2500000000,200000,,
7112,27_19_1_2_2m_v3.0,27_19,-9999,2,"May 22, 2018",http://data.pgc.umn.edu/elev/dem/setsm/ArcticDEM/mosaic/v3.0/2m/27_19/27_19_1_2_2m_v3.0.tar.gz,DEM,0.9942924,ICESat,917,0,1,2,7,49,2500000000,200000,,
7113,27_19_2_1_2m_v3.0,27_19,-9999,2,"May 22, 2018",http://data.pgc.umn.edu/elev/dem/setsm/ArcticDEM/mosaic/v3.0/2m/27_19/27_19_2_1_2m_v3.0.tar.gz,DEM,1,ICESat,917,0,1,2,7,49,2500000000,200000,,
7111,27_19_2_2_2m_v3.0,27_19,-9999,2,"May 22, 2018",http://data.pgc.umn.edu/elev/dem/setsm/ArcticDEM/mosaic/v3.0/2m/27_19/27_19_2_2_2m_v3.0.tar.gz,DEM,0.99998281,ICESat,917,0,1,2,7,49,2500000000,200000,,
8542,27_20_1_1_2m_v3.0,27_20,-9999,2,"May 22, 2018",http://data.pgc.umn.edu/elev/dem/setsm/ArcticDEM/mosaic/v3.0/2m/27_20/27_20_1_1_2m_v3.0.tar.gz,DEM,1,ICESat,929,-0.001,1,2,7,28,2500000000,200000,,
8543,27_20_1_2_2m_v3.0,27_20,-9999,2,"May 22, 2018",http://data.pgc.umn.edu/elev/dem/setsm/ArcticDEM/mosaic/v3.0/2m/27_20/27_20_1_2_2m_v3.0.tar.gz,DEM,1,ICESat,929,-0.001,1,2,7,28,2500000000,200000,,
8541,27_20_2_1_2m_v3.0,27_20,-9999,2,"May 22, 2018",http://data.pgc.umn.edu/elev/dem/setsm/ArcticDEM/mosaic/v3.0/2m/27_20/27_20_2_1_2m_v3.0.tar.gz,DEM,0.99481244,ICESat,929,-0.001,1,2,7,28,2500000000,200000,,
8544,27_20_2_2_2m_v3.0,27_20,-9999,2,"May 22, 2018",http://data.pgc.umn.edu/elev/dem/setsm/ArcticDEM/mosaic/v3.0/2m/27_20/27_20_2_2_2m_v3.0.tar.gz,DEM,0.6177113,ICESat,929,-0.001,1,2,7,28,2500000000,200000,,
1427,27_21_1_1_2m_v3.0,27_21,-9999,2,"May 21, 2018",http://data.pgc.umn.edu/elev/dem/setsm/ArcticDEM/mosaic/v3.0/2m/27_21/27_21_1_1_2m_v3.0.tar.gz,DEM,0.38782543,ICESat,693,-0.00066667,1,2,7,25,2500000000,200000,,
1429,27_21_1_2_2m_v3.0,27_21,-9999,2,"May 21, 2018",http://data.pgc.umn.edu/elev/dem/setsm/ArcticDEM/mosaic/v3.0/2m/27_21/27_21_1_2_2m_v3.0.tar.gz,DEM,0.22136265,ICESat,693,-0.00066667,1,2,7,25,2500000000,200000,,
1430,27_21_2_1_2m_v3.0,27_21,-9999,2,"May 21, 2018",http://data.pgc.umn.edu/elev/dem/setsm/ArcticDEM/mosaic/v3.0/2m/27_21/27_21_2_1_2m_v3.0.tar.gz,DEM,0.42540674,ICESat,693,-0.00066667,1,2,7,25,2500000000,200000,,
1428,27_21_2_2_2m_v3.0,27_21,-9999,2,"May 21, 2018",http://data.pgc.umn.edu/elev/dem/setsm/ArcticDEM/mosaic/v3.0/2m/27_21/27_21_2_2_2m_v3.0.tar.gz,DEM,0.71837756,ICESat,693,-0.00066667,1,2,7,25,2500000000,200000,,
7876,27_22_1_1_2m_v3.0,27_22,-9999,2,"June 21, 2018",http://data.pgc.umn.edu/elev/dem/setsm/ArcticDEM/mosaic/v3.0/2m/27_22/27_22_1_1_2m_v3.0.tar.gz,DEM,0.82612852,ICESat,1005,0,1,2,7,43,2500000000,200000,,
7096,28_12_1_1_2m_v3.0,28_12,-9999,2,"May 26, 2018",http://data.pgc.umn.edu/elev/dem/setsm/ArcticDEM/mosaic/v3.0/2m/28_12/28_12_1_1_2m_v3.0.tar.gz,DEM,0.98572879,ICESat,797,-0.01,1,2,7,46,2500000000,200000,,
7098,28_12_1_2_2m_v3.0,28_12,-9999,2,"May 26, 2018",http://data.pgc.umn.edu/elev/dem/setsm/ArcticDEM/mosaic/v3.0/2m/28_12/28_12_1_2_2m_v3.0.tar.gz,DEM,0.83872501,ICESat,797,-0.01,1,2,7,46,2500000000,200000,,
7095,28_12_2_1_2m_v3.0,28_12,-9999,2,"May 26, 2018",http://data.pgc.umn.edu/elev/dem/setsm/ArcticDEM/mosaic/v3.0/2m/28_12/28_12_2_1_2m_v3.0.tar.gz,DEM,0.9644131,ICESat,797,-0.01,1,2,7,46,2500000000,200000,,
7097,28_12_2_2_2m_v3.0,28_12,-9999,2,"May 26, 2018",http://data.pgc.umn.edu/elev/dem/setsm/ArcticDEM/mosaic/v3.0/2m/28_12/28_12_2_2_2m_v3.0.tar.gz,DEM,0.69539347,ICESat,797,-0.01,1,2,7,46,2500000000,200000,,
3313,28_13_1_1_2m_v3.0,28_13,-9999,2,"July 24, 2018",http://data.pgc.umn.edu/elev/dem/setsm/ArcticDEM/mosaic/v3.0/2m/28_13/28_13_1_1_2m_v3.0.tar.gz,DEM,0.99835041,ICESat,849,0.004,1,2,7,36,2500000000,200000,,
3315,28_13_1_2_2m_v3.0,28_13,-9999,2,"July 24, 2018",http://data.pgc.umn.edu/elev/dem/setsm/ArcticDEM/mosaic/v3.0/2m/28_13/28_13_1_2_2m_v3.0.tar.gz,DEM,0.64020286,ICESat,849,0.004,1,2,7,36,2500000000,200000,,
3316,28_13_2_1_2m_v3.0,28_13,-9999,2,"July 24, 2018",http://data.pgc.umn.edu/elev/dem/setsm/ArcticDEM/mosaic/v3.0/2m/28_13/28_13_2_1_2m_v3.0.tar.gz,DEM,0.98913264,ICESat,849,0.004,1,2,7,36,2500000000,200000,,
3314,28_13_2_2_2m_v3.0,28_13,-9999,2,"July 24, 2018",http://data.pgc.umn.edu/elev/dem/setsm/ArcticDEM/mosaic/v3.0/2m/28_13/28_13_2_2_2m_v3.0.tar.gz,DEM,0.94148304,ICESat,849,0.004,1,2,7,36,2500000000,200000,,
1722,28_14_1_1_2m_v3.0,28_14,-9999,2,"May 30, 2018",http://data.pgc.umn.edu/elev/dem/setsm/ArcticDEM/mosaic/v3.0/2m/28_14/28_14_1_1_2m_v3.0.tar.gz,DEM,0.99747313,ICESat,938,0,1,2,7,27,2500000000,200000,,
1721,28_14_1_2_2m_v3.0,28_14,-9999,2,"May 30, 2018",http://data.pgc.umn.edu/elev/dem/setsm/ArcticDEM/mosaic/v3.0/2m/28_14/28_14_1_2_2m_v3.0.tar.gz,DEM,1,ICESat,938,0,1,2,7,27,2500000000,200000,,
1724,28_14_2_1_2m_v3.0,28_14,-9999,2,"May 30, 2018",http://data.pgc.umn.edu/elev/dem/setsm/ArcticDEM/mosaic/v3.0/2m/28_14/28_14_2_1_2m_v3.0.tar.gz,DEM,0.99237677,ICESat,938,0,1,2,7,27,2500000000,200000,,
1723,28_14_2_2_2m_v3.0,28_14,-9999,2,"May 30, 2018",http://data.pgc.umn.edu/elev/dem/setsm/ArcticDEM/mosaic/v3.0/2m/28_14/28_14_2_2_2m_v3.0.tar.gz,DEM,1,ICESat,938,0,1,2,7,27,2500000000,200000,,
324,28_15_1_1_2m_v3.0,28_15,-9999,2,"May 30, 2018",http://data.pgc.umn.edu/elev/dem/setsm/ArcticDEM/mosaic/v3.0/2m/28_15/28_15_1_1_2m_v3.0.tar.gz,DEM,0.92424158,ICESat,886,0.004,1,2,7,30,2500000000,200000,,
322,28_15_1_2_2m_v3.0,28_15,-9999,2,"May 30, 2018",http://data.pgc.umn.edu/elev/dem/setsm/ArcticDEM/mosaic/v3.0/2m/28_15/28_15_1_2_2m_v3.0.tar.gz,DEM,0.9995231,ICESat,886,0.004,1,2,7,30,2500000000,200000,,
323,28_15_2_1_2m_v3.0,28_15,-9999,2,"May 30, 2018",http://data.pgc.umn.edu/elev/dem/setsm/ArcticDEM/mosaic/v3.0/2m/28_15/28_15_2_1_2m_v3.0.tar.gz,DEM,1,ICESat,886,0.004,1,2,7,30,2500000000,200000,,
325,28_15_2_2_2m_v3.0,28_15,-9999,2,"May 30, 2018",http://data.pgc.umn.edu/elev/dem/setsm/ArcticDEM/mosaic/v3.0/2m/28_15/28_15_2_2_2m_v3.0.tar.gz,DEM,1,ICESat,886,0.004,1,2,7,30,2500000000,200000,,
1847,28_16_1_1_2m_v3.0,28_16,-9999,2,"May 22, 2018",http://data.pgc.umn.edu/elev/dem/setsm/ArcticDEM/mosaic/v3.0/2m/28_16/28_16_1_1_2m_v3.0.tar.gz,DEM,1,ICESat,965,-0.004,1,2,7,39,2500000000,200000,,
1846,28_16_1_2_2m_v3.0,28_16,-9999,2,"May 22, 2018",http://data.pgc.umn.edu/elev/dem/setsm/ArcticDEM/mosaic/v3.0/2m/28_16/28_16_1_2_2m_v3.0.tar.gz,DEM,1,ICESat,965,-0.004,1,2,7,39,2500000000,200000,,
1845,28_16_2_1_2m_v3.0,28_16,-9999,2,"May 22, 2018",http://data.pgc.umn.edu/elev/dem/setsm/ArcticDEM/mosaic/v3.0/2m/28_16/28_16_2_1_2m_v3.0.tar.gz,DEM,0.99998386,ICESat,965,-0.004,1,2,7,39,2500000000,200000,,
1844,28_16_2_2_2m_v3.0,28_16,-9999,2,"May 22, 2018",http://data.pgc.umn.edu/elev/dem/setsm/ArcticDEM/mosaic/v3.0/2m/28_16/28_16_2_2_2m_v3.0.tar.gz,DEM,0.99969576,ICESat,965,-0.004,1,2,7,39,2500000000,200000,,
3016,28_17_1_1_2m_v3.0,28_17,-9999,2,"May 22, 2018",http://data.pgc.umn.edu/elev/dem/setsm/ArcticDEM/mosaic/v3.0/2m/28_17/28_17_1_1_2m_v3.0.tar.gz,DEM,1,ICESat,893,0.003,1,2,7,50,2500000000,200000,,
3014,28_17_1_2_2m_v3.0,28_17,-9999,2,"May 22, 2018",http://data.pgc.umn.edu/elev/dem/setsm/ArcticDEM/mosaic/v3.0/2m/28_17/28_17_1_2_2m_v3.0.tar.gz,DEM,1,ICESat,893,0.003,1,2,7,50,2500000000,200000,,
3013,28_17_2_1_2m_v3.0,28_17,-9999,2,"May 22, 2018",http://data.pgc.umn.edu/elev/dem/setsm/ArcticDEM/mosaic/v3.0/2m/28_17/28_17_2_1_2m_v3.0.tar.gz,DEM,1,ICESat,893,0.003,1,2,7,50,2500000000,200000,,
3015,28_17_2_2_2m_v3.0,28_17,-9999,2,"May 22, 2018",http://data.pgc.umn.edu/elev/dem/setsm/ArcticDEM/mosaic/v3.0/2m/28_17/28_17_2_2_2m_v3.0.tar.gz,DEM,0.99968871,ICESat,893,0.003,1,2,7,50,2500000000,200000,,
1734,28_18_1_1_2m_v3.0,28_18,-9999,2,"May 27, 2018",http://data.pgc.umn.edu/elev/dem/setsm/ArcticDEM/mosaic/v3.0/2m/28_18/28_18_1_1_2m_v3.0.tar.gz,DEM,1,ICESat,949,0,1,2,7,37,2500000000,200000,,
1735,28_18_2_1_2m_v3.0,28_18,-9999,2,"May 27, 2018",http://data.pgc.umn.edu/elev/dem/setsm/ArcticDEM/mosaic/v3.0/2m/28_18/28_18_2_1_2m_v3.0.tar.gz,DEM,0.99984763,ICESat,949,0,1,2,7,37,2500000000,200000,,
2886,28_19_1_1_2m_v3.0,28_19,-9999,2,"July 7, 2018",http://data.pgc.umn.edu/elev/dem/setsm/ArcticDEM/mosaic/v3.0/2m/28_19/28_19_1_1_2m_v3.0.tar.gz,DEM,0.99850717,ICESat,960,0,1,2,7,41,2500000000,200000,,
2884,28_19_2_1_2m_v3.0,28_19,-9999,2,"July 7, 2018",http://data.pgc.umn.edu/elev/dem/setsm/ArcticDEM/mosaic/v3.0/2m/28_19/28_19_2_1_2m_v3.0.tar.gz,DEM,0.99852233,ICESat,960,0,1,2,7,41,2500000000,200000,,
3402,29_12_1_1_2m_v3.0,29_12,-9999,2,"May 26, 2018",http://data.pgc.umn.edu/elev/dem/setsm/ArcticDEM/mosaic/v3.0/2m/29_12/29_12_1_1_2m_v3.0.tar.gz,DEM,0.87883741,ICESat,1071,-0.003,1,2,7,34,2500000000,200000,,
3401,29_12_2_1_2m_v3.0,29_12,-9999,2,"May 26, 2018",http://data.pgc.umn.edu/elev/dem/setsm/ArcticDEM/mosaic/v3.0/2m/29_12/29_12_2_1_2m_v3.0.tar.gz,DEM,0.79352811,ICESat,1071,-0.003,1,2,7,34,2500000000,200000,,
3403,29_12_2_2_2m_v3.0,29_12,-9999,2,"May 26, 2018",http://data.pgc.umn.edu/elev/dem/setsm/ArcticDEM/mosaic/v3.0/2m/29_12/29_12_2_2_2m_v3.0.tar.gz,DEM,0.99736649,ICESat,1071,-0.003,1,2,7,34,2500000000,200000,,
4366,29_13_1_1_2m_v3.0,29_13,-9999,2,"May 26, 2018",http://data.pgc.umn.edu/elev/dem/setsm/ArcticDEM/mosaic/v3.0/2m/29_13/29_13_1_1_2m_v3.0.tar.gz,DEM,0.71610711,ICESat,842,0.001,1,2,7,34,2500000000,200000,,
4363,29_13_1_2_2m_v3.0,29_13,-9999,2,"May 26, 2018",http://data.pgc.umn.edu/elev/dem/setsm/ArcticDEM/mosaic/v3.0/2m/29_13/29_13_1_2_2m_v3.0.tar.gz,DEM,0.99395738,ICESat,842,0.001,1,2,7,34,2500000000,200000,,
4364,29_13_2_1_2m_v3.0,29_13,-9999,2,"May 26, 2018",http://data.pgc.umn.edu/elev/dem/setsm/ArcticDEM/mosaic/v3.0/2m/29_13/29_13_2_1_2m_v3.0.tar.gz,DEM,0.86470245,ICESat,842,0.001,1,2,7,34,2500000000,200000,,
4365,29_13_2_2_2m_v3.0,29_13,-9999,2,"May 26, 2018",http://data.pgc.umn.edu/elev/dem/setsm/ArcticDEM/mosaic/v3.0/2m/29_13/29_13_2_2_2m_v3.0.tar.gz,DEM,1,ICESat,842,0.001,1,2,7,34,2500000000,200000,,
9111,29_14_1_1_2m_v3.0,29_14,-9999,2,"May 26, 2018",http://data.pgc.umn.edu/elev/dem/setsm/ArcticDEM/mosaic/v3.0/2m/29_14/29_14_1_1_2m_v3.0.tar.gz,DEM,0.98288822,ICESat,973,-0.003,1,2,7,32,2500000000,200000,,
9110,29_14_1_2_2m_v3.0,29_14,-9999,2,"May 26, 2018",http://data.pgc.umn.edu/elev/dem/setsm/ArcticDEM/mosaic/v3.0/2m/29_14/29_14_1_2_2m_v3.0.tar.gz,DEM,0.99999829,ICESat,973,-0.003,1,2,7,32,2500000000,200000,,
9112,29_14_2_1_2m_v3.0,29_14,-9999,2,"May 26, 2018",http://data.pgc.umn.edu/elev/dem/setsm/ArcticDEM/mosaic/v3.0/2m/29_14/29_14_2_1_2m_v3.0.tar.gz,DEM,0.99999391,ICESat,973,-0.003,1,2,7,32,2500000000,200000,,
7624,29_15_1_1_2m_v3.0,29_15,-9999,2,"May 22, 2018",http://data.pgc.umn.edu/elev/dem/setsm/ArcticDEM/mosaic/v3.0/2m/29_15/29_15_1_1_2m_v3.0.tar.gz,DEM,0.99998611,ICESat,992,0.008,1,2,7,27,2500000000,200000,,
7626,29_15_2_1_2m_v3.0,29_15,-9999,2,"May 22, 2018",http://data.pgc.umn.edu/elev/dem/setsm/ArcticDEM/mosaic/v3.0/2m/29_15/29_15_2_1_2m_v3.0.tar.gz,DEM,0.99943565,ICESat,992,0.008,1,2,7,27,2500000000,200000,,
